528710000000000000,Relief,-26.70,-26.55,-26.95,-26.91,-27.12,-26.70,-26.44,-27.07,-26.49,-26.62,-26.89,-24.38,-26.86
530199000000000000,Surprise,-12.00,-12.14,-12.11,-11.80,-12.32,-10.93,-11.85,-12.51,-12.22,-12.31,-12.08,-12.25,-12.34
530200000000000000,Fun,-9.00,-8.51,-8.78,-8.70,-8.76,-9.10,-8.64,-8.48,-8.86,-8.28,-8.76,-8.89,-8.95
531345000000000000,Hate,-18.00,-17.62,-17.87,-18.30,-17.88,-18.20,-18.23,-17.86,-16.52,-18.17,-18.12,-17.12,-17.73
533368000000000000,Surprise,-30.00,-30.36,-30.28,-29.45,-29.72,-26.67,-30.39,-30.07,-30.25,-30.00,-29.61,-30.63,-29.29
533788000000000000,Enthusiasm,-9.00,-8.81,-8.18,-9.30,-8.94,-9.10,-8.81,-8.78,-9.16,-9.23,-9.06,-9.19,-8.78
533789000000000000,Fun,-15.00,-14.58,-14.66,-14.73,-14.80,-14.87,-14.72,-13.53,-14.67,-14.21,-14.63,-14.71,-14.65
533794000000000000,Neutral,-15.00,-14.40,-15.14,-13.82,-15.40,-14.87,-14.89,-14.38,-14.67,-14.79,-14.80,-15.02,-14.95
533795000000000000,Enthusiasm,-18.00,-18.22,-16.01,-17.70,-18.18,-17.90,-17.63,-18.47,-17.73,-17.99,-18.12,-18.08,-18.21
533798000000000000,Enthusiasm,-12.00,-12.14,-10.91,-12.40,-12.32,-12.14,-11.08,-11.73,-11.92,-11.83,-12.08,-11.65,-11.44
533799000000000000,Fun,-18.00,-17.92,-18.17,-18.00,-18.00,-18.20,-17.93,-16.56,-18.03,-18.17,-17.52,-18.08,-17.61
533800000000000000,Neutral,-12.00,-11.24,-11.64,-10.42,-11.42,-11.83,-11.68,-11.61,-11.62,-11.61,-11.61,-11.65,-11.26
533804000000000000,Neutral,-6.00,-6.07,-6.06,-5.42,-6.16,-6.07,-6.08,-5.65,-6.11,-6.16,-6.04,-6.13,-6.17
534928000000000000,Worry,-15.00,-15.18,-14.84,-15.03,-13.89,-14.87,-15.19,-15.64,-15.27,-15.39,-15.10,-15.02,-15.12
535807000000000000,Hate,-33.00,-32.80,-32.83,-32.63,-32.62,-33.37,-32.35,-32.07,-29.46,-32.17,-32.63,-32.92,-33.03
535811000000000000,Worry,-15.00,-15.18,-14.84,-15.50,-13.89,-15.17,-15.19,-15.64,-15.27,-15.09,-14.80,-15.32,-15.42
537067000000000000,Anger,-30.00,-30.06,-30.28,-29.93,-30.32,-30.34,-29.78,-29.68,-30.25,-30.78,-29.30,-30.03,-27.19
537069000000000000,Hate,-18.00,-18.22,-17.69,-18.00,-18.18,-17.90,-17.93,-18.16,-16.52,-18.17,-18.12,-18.08,-17.91
537072000000000000,Worry,-30.00,-30.06,-30.28,-29.63,-27.21,-30.04,-30.09,-28.99,-30.25,-29.87,-30.21,-29.73,-29.77
537074000000000000,Hate,-9.00,-9.11,-9.08,-9.30,-9.24,-9.10,-9.12,-9.38,-8.26,-9.23,-9.06,-8.89,-9.25
537087000000000000,Relief,-9.00,-8.81,-8.78,-9.30,-8.94,-9.10,-9.12,-9.38,-8.56,-9.23,-9.06,-8.11,-9.25
537088000000000000,Worry,-27.00,-26.72,-27.25,-26.10,-25.01,-26.53,-27.35,-26.95,-26.59,-26.92,-27.19,-26.67,-27.16
537092000000000000,Neutral,-30.00,-30.06,-30.28,-27.64,-30.80,-30.34,-30.39,-30.68,-30.55,-30.78,-30.21,-30.63,-30.55
537265000000000000,Anger,-24.00,-24.29,-23.92,-24.50,-24.34,-24.27,-24.31,-24.54,-24.14,-24.02,-24.17,-24.51,-22.27
537266000000000000,Anger,-18.00,-18.22,-18.17,-17.83,-18.48,-17.73,-17.93,-18.16,-18.03,-18.47,-17.82,-17.48,-16.35
537267000000000000,Anger,-12.00,-11.84,-12.11,-12.40,-12.02,-12.14,-12.15,-12.51,-12.22,-12.31,-12.08,-12.25,-11.14

,No Words Found,
 You-- you know you could've used your teeth to bite their dicâ€¦"
,Love,-15.00,-15.18,-14.84,-14.73,-14.62,-15.17,-13.69,-15.04,-14.80,-15.39,-14.63,-14.54,-15.12
537270000000000000,No Words Found,
539708000000000000,Worry,-6.00,-5.47,-5.58,-5.42,-5.08,-5.77,-5.30,-5.35,-5.51,-5.46,-5.56,-5.52,-5.39
542072000000000000,Surprise,-9.00,-9.11,-8.61,-8.70,-8.34,-7.72,-8.81,-8.48,-8.56,-8.28,-9.06,-8.89,-8.48
542073000000000000,Worry,-24.00,-24.29,-23.75,-24.50,-21.93,-23.97,-23.71,-24.42,-24.14,-24.62,-24.17,-23.90,-23.78
542877000000000000,No Words Found,
544666000000000000,Neutral,-3.00,-2.74,-3.03,-2.80,-3.08,-3.03,-3.04,-3.13,-3.05,-3.08,-3.02,-3.06,-3.08
544675000000000000,No Words Found,
544678000000000000,Anger,-12.00,-12.14,-12.11,-12.10,-12.02,-11.53,-12.15,-11.31,-11.92,-12.31,-12.08,-11.95,-11.14
544679000000000000,Neutral,-2.70,-3.04,-3.03,-2.80,-3.08,-3.03,-2.74,-3.13,-3.05,-3.08,-3.02,-3.06,-3.08
544683000000000000,Worry,-24.00,-23.99,-24.23,-22.90,-21.93,-23.97,-22.93,-23.42,-23.26,-23.37,-23.56,-23.25,-24.08
544686000000000000,Surprise,-15.00,-15.18,-15.14,-15.50,-15.10,-13.49,-15.19,-15.64,-15.27,-15.09,-15.10,-15.02,-15.12
545009000000000000,Fun,-24.00,-24.29,-24.23,-24.33,-23.94,-24.27,-24.31,-22.14,-23.84,-24.02,-24.17,-23.90,-24.08
545010000000000000,Enthusiasm,-18.00,-18.22,-16.19,-18.30,-18.00,-18.20,-17.75,-18.16,-18.03,-17.99,-17.52,-17.90,-17.61
545077000000000000,Fun,-6.00,-5.77,-6.06,-5.72,-5.38,-6.07,-6.08,-5.48,-5.63,-5.55,-5.74,-6.13,-5.57
545394000000000000,Fun,-3.00,-3.04,-2.55,-3.10,-2.60,-3.03,-2.56,-2.83,-2.75,-2.60,-2.72,-2.59,-2.78
545415000000000000,Fun,-9.00,-9.11,-9.08,-9.30,-9.24,-9.10,-9.12,-8.48,-9.16,-8.93,-9.06,-9.19,-9.25

,No Words Found,
Sallie Mae wants to kill your beloved leader.
,Fun,-12.00,-11.84,-12.11,-11.62,-12.02,-12.14,-12.15,-10.73,-11.92,-12.31,-11.78,-11.48,-11.74

,No Words Found,
Signed,Fun,-3.00,-2.74,-3.03,-3.10,-3.08,-3.03,-3.04,-2.83,-3.05,-3.08,-3.02,-2.76,-3.08
A concerned college grad"
,Enthusiasm,-6.00,-6.07,-5.45,-6.20,-5.86,-6.07,-6.08,-6.26,-6.11,-5.85,-5.74,-6.13,-6.17
545438000000000000,Enthusiasm,-12.00,-12.14,-10.91,-12.40,-12.32,-12.14,-12.15,-12.51,-12.22,-12.31,-12.08,-12.25,-11.74
545809000000000000,Happiness,-6.00,-6.07,-6.06,-6.20,-5.86,-6.07,-6.08,-6.26,-6.11,-5.85,-5.44,-6.13,-6.17
546079000000000000,Neutral,-33.00,-32.80,-33.31,-29.57,-32.88,-32.77,-32.52,-32.55,-32.10,-32.17,-33.23,-32.62,-33.33
546080000000000000,Anger,-15.00,-14.88,-15.14,-14.60,-14.32,-14.87,-15.19,-14.74,-14.67,-15.39,-15.10,-15.02,-13.74
546081000000000000,Happiness,-15.00,-14.88,-14.84,-15.50,-15.40,-15.17,-15.19,-15.34,-14.97,-13.88,-15.10,-15.32,-14.95
546086000000000000,Fun,-11.70,-12.14,-12.11,-12.10,-12.02,-11.83,-12.15,-11.31,-12.22,-11.71,-12.08,-12.25,-11.74
546089000000000000,Surprise,-14.70,-15.18,-14.84,-14.90,-15.40,-13.49,-14.19,-14.74,-14.67,-14.79,-15.10,-15.32,-14.65
546090000000000000,Fun,-9.00,-9.11,-9.08,-9.30,-9.24,-9.10,-9.12,-8.48,-9.16,-9.23,-8.76,-9.19,-9.25
546092000000000000,Love,-21.00,-20.95,-20.90,-21.10,-21.56,-20.94,-19.16,-21.29,-21.08,-21.07,-21.15,-20.54,-21.29
546093000000000000,Neutral,-3.00,-3.04,-3.03,-2.80,-3.08,-3.03,-3.04,-3.13,-3.05,-3.08,-3.02,-3.06,-3.08
546094000000000000,Fun,-9.00,-9.11,-9.08,-8.83,-9.24,-9.10,-9.12,-8.08,-9.16,-8.93,-8.76,-8.71,-8.65
546095000000000000,Fun,-3.00,-3.04,-3.03,-3.10,-3.08,-3.03,-3.04,-2.65,-2.58,-3.08,-3.02,-3.06,-3.08
546097000000000000,Hate,-21.00,-20.95,-20.29,-20.23,-20.18,-20.94,-20.07,-20.04,-18.70,-20.29,-20.37,-20.19,-20.09
546099000000000000,Fun,-9.00,-9.11,-8.78,-8.83,-9.24,-9.10,-9.12,-8.30,-9.16,-9.23,-9.06,-9.19,-8.95
546100000000000000,Happiness,-17.70,-18.22,-17.87,-17.70,-18.48,-17.90,-17.53,-17.26,-17.73,-16.48,-18.12,-18.08,-17.73
546101000000000000,Fun,-3.00,-3.04,-2.73,-3.10,-3.08,-3.03,-3.04,-2.83,-3.05,-2.78,-3.02,-3.06,-2.78
546102000000000000,Anger,-6.00,-6.07,-6.06,-5.42,-5.21,-5.59,-6.08,-5.35,-5.81,-5.85,-5.74,-6.13,-5.09
546486000000000000,Love,-30.00,-28.86,-29.68,-29.23,-30.32,-30.34,-26.90,-29.90,-29.65,-29.70,-29.91,-30.03,-30.55
546714000000000000,Anger,-9.00,-9.11,-9.08,-8.52,-8.16,-8.62,-9.12,-8.78,-8.56,-8.93,-8.76,-9.19,-8.18
546722000000000000,Neutral,-12.00,-12.14,-11.64,-11.20,-12.32,-12.14,-12.15,-12.51,-11.92,-12.01,-11.78,-11.95,-12.34
546882000000000000,Anger,-24.00,-23.99,-23.92,-24.81,-24.64,-24.27,-24.01,-23.47,-24.44,-24.32,-24.17,-24.51,-21.74
546883000000000000,Fun,-6.00,-5.47,-6.06,-5.50,-6.16,-5.77,-5.48,-5.48,-5.51,-5.85,-6.04,-5.83,-6.17
547742000000000000,Neutral,-27.00,-27.03,-27.25,-24.90,-27.24,-27.30,-26.57,-26.95,-26.89,-27.40,-27.19,-26.79,-27.16
548611000000000000,Happiness,-3.00,-2.56,-3.03,-3.10,-3.08,-3.03,-3.04,-3.13,-3.05,-2.78,-3.02,-2.76,-3.08
548612000000000000,Happiness,-9.00,-8.51,-8.78,-8.40,-8.16,-9.10,-8.34,-8.48,-9.16,-8.15,-8.46,-8.89,-8.65
548759000000000000,Fun,-6.00,-6.07,-6.06,-5.60,-5.56,-6.07,-5.78,-5.65,-5.81,-5.85,-5.74,-6.13,-5.87
548949000000000000,Fun,-12.00,-11.54,-12.11,-11.80,-11.54,-11.83,-12.15,-10.65,-11.92,-11.71,-12.08,-11.95,-12.04
549023000000000000,Enthusiasm,-21.00,-20.78,-18.91,-20.80,-21.56,-20.94,-20.97,-21.42,-20.48,-20.94,-20.84,-21.14,-21.12
549558000000000000,Enthusiasm,-6.00,-6.07,-5.28,-6.20,-5.68,-6.07,-5.60,-5.95,-5.81,-5.68,-5.74,-5.65,-5.87
549589000000000000,Anger,-12.00,-10.94,-12.11,-11.50,-12.02,-11.53,-11.55,-11.61,-12.22,-11.71,-12.08,-11.95,-11.08
549591000000000000,Worry,-21.00,-21.25,-20.72,-21.71,-19.28,-21.24,-20.79,-21.29,-21.08,-21.07,-20.54,-20.67,-20.99
550052000000000000,Happiness,-6.00,-6.07,-5.45,-6.20,-6.16,-6.07,-5.78,-5.95,-5.81,-5.68,-6.04,-5.83,-6.17
550053000000000000,Sadness,-15.00,-13.50,-14.84,-14.60,-15.10,-15.17,-14.89,-14.86,-14.67,-15.39,-14.80,-14.84,-14.17
550054000000000000,Anger,-24.00,-22.78,-23.45,-23.12,-22.96,-23.67,-23.05,-22.44,-23.84,-23.14,-23.39,-23.60,-21.44
550055000000000000,Hate,-15.00,-15.18,-14.54,-14.73,-14.92,-15.17,-14.29,-14.43,-13.59,-14.91,-14.63,-14.54,-14.82
550056000000000000,Fun,-3.00,-2.74,-3.03,-2.80,-2.60,-3.03,-3.04,-2.53,-3.05,-3.08,-3.02,-2.76,-3.08
Take a moment and say what you're ready to fight for in 2015:"
,Fun,-15.00,-14.88,-15.14,-14.90,-15.10,-15.17,-14.89,-13.74,-15.27,-15.09,-15.10,-15.32,-14.82
550063000000000000,Fun,-21.00,-21.25,-21.20,-21.10,-20.48,-20.94,-20.97,-19.04,-21.08,-21.24,-21.15,-21.14,-20.99
550983000000000000,Fun,-15.00,-15.18,-15.14,-15.50,-15.10,-15.17,-15.19,-14.13,-14.50,-15.09,-15.10,-14.84,-15.12
551240000000000000,Sadness,-12.00,-10.94,-12.11,-12.40,-12.02,-12.14,-12.15,-12.21,-12.22,-12.31,-12.08,-12.25,-12.34
551773000000000000,Worry,-6.00,-6.07,-6.06,-6.20,-5.56,-6.07,-6.08,-6.26,-6.11,-6.16,-6.04,-6.13,-6.17
552895000000000000,Fun,-27.00,-27.03,-27.25,-27.00,-26.82,-26.53,-27.35,-24.96,-25.81,-27.22,-27.19,-27.57,-27.16
553743000000000000,Anger,-6.00,-5.60,-6.06,-6.20,-5.86,-5.77,-6.08,-5.95,-6.11,-5.85,-6.04,-5.83,-5.57
553962000000000000,Anger,-3.00,-3.04,-3.03,-3.10,-3.08,-3.03,-3.04,-3.13,-3.05,-3.08,-3.02,-3.06,-2.78
553963000000000000,Sadness,-27.00,-23.96,-26.35,-26.05,-26.46,-27.30,-26.09,-26.34,-26.89,-26.52,-26.89,-26.06,-26.38
554516000000000000,Neutral,-6.00,-6.07,-6.06,-5.60,-6.16,-6.07,-6.08,-5.95,-6.11,-6.16,-6.04,-5.83,-5.69
Eyes."
,Happiness,-3.00,-2.74,-3.03,-3.10,-3.08,-3.03,-3.04,-3.13,-2.75,-2.78,-3.02,-3.06,-3.08
556191000000000000,Relief,-15.00,-15.18,-15.14,-15.50,-15.40,-15.17,-15.19,-15.64,-15.27,-15.09,-15.10,-13.81,-15.42
556197000000000000,Love,-6.00,-6.07,-6.06,-6.20,-6.16,-6.07,-5.48,-6.26,-6.11,-6.16,-6.04,-6.13,-6.17
556460000000000000,Happiness,-9.00,-9.11,-8.78,-9.00,-9.24,-8.80,-9.12,-9.38,-9.16,-8.33,-9.06,-9.19,-9.25
556488000000000000,Fun,-15.00,-15.18,-14.84,-14.73,-15.10,-15.17,-14.89,-13.56,-14.97,-15.39,-15.10,-15.32,-15.12
556622000000000000,Fun,-17.70,-17.92,-17.69,-18.13,-18.00,-18.20,-17.45,-16.39,-18.03,-17.21,-17.22,-17.12,-17.61
557328000000000000,Boredom,-9.00,-9.11,-9.08,-9.00,-9.24,-9.10,-9.12,-9.38,-9.16,-9.23,-8.16,-8.89,-9.25
557349000000000000,Fun,-9.00,-9.11,-8.78,-9.30,-9.24,-9.10,-9.12,-8.48,-9.16,-8.93,-9.06,-9.19,-9.25
557355000000000000,Fun,-9.00,-9.11,-9.08,-9.00,-8.94,-8.80,-9.12,-8.48,-9.16,-8.93,-8.76,-9.19,-8.95
558013000000000000,Happiness,-21.00,-21.25,-21.20,-21.71,-21.56,-21.24,-21.27,-21.59,-21.38,-19.44,-21.15,-21.44,-21.59
558020000000000000,Fun,-11.70,-12.14,-11.81,-11.02,-12.02,-11.36,-11.46,-10.61,-11.62,-11.53,-11.78,-11.78,-11.56
558652000000000000,Fun,-3.00,-3.04,-3.03,-3.10,-3.08,-3.03,-3.04,-2.83,-2.75,-2.78,-3.02,-2.59,-3.08
558668000000000000,Neutral,-3.00,-3.04,-2.73,-2.62,-2.78,-2.73,-3.04,-3.13,-3.05,-3.08,-3.02,-2.76,-3.08
558828000000000000,Worry,-18.00,-17.92,-18.17,-17.70,-16.20,-17.90,-17.93,-17.86,-18.03,-18.17,-17.82,-18.38,-17.61
558829000000000000,Anger,-24.00,-24.29,-24.23,-24.20,-24.34,-24.27,-24.31,-24.12,-24.44,-24.62,-24.17,-24.21,-22.10
558830000000000000,Happiness,-12.00,-12.14,-12.11,-12.10,-12.02,-11.23,-12.15,-12.51,-12.22,-10.93,-12.08,-12.25,-11.86
559016000000000000,Relief,-9.00,-9.11,-8.78,-8.52,-8.76,-9.10,-8.81,-8.48,-8.39,-8.93,-8.59,-7.93,-8.95
559149000000000000,Anger,-6.00,-6.07,-5.76,-6.20,-6.16,-6.07,-6.08,-6.26,-6.11,-6.16,-6.04,-6.13,-5.57
559398000000000000,Fun,-3.00,-2.74,-3.03,-3.10,-3.08,-2.73,-3.04,-2.83,-3.05,-3.08,-3.02,-3.06,-3.08
559407000000000000,Fun,-3.00,-3.04,-3.03,-3.10,-3.08,-3.03,-2.74,-3.13,-3.05,-3.08,-3.02,-3.06,-3.08
559812000000000000,Neutral,-21.00,-20.95,-21.20,-19.42,-21.08,-21.24,-21.27,-21.20,-21.38,-21.54,-20.84,-21.44,-20.69
560633000000000000,Worry,-6.00,-6.07,-6.06,-5.90,-5.68,-6.07,-5.48,-6.26,-5.81,-6.16,-6.04,-6.13,-5.87
560947000000000000,Worry,-6.00,-5.77,-6.06,-5.90,-5.38,-6.07,-6.08,-5.65,-6.11,-6.16,-6.04,-5.83,-6.17
561241000000000000,Neutral,-6.00,-6.07,-6.06,-5.42,-6.16,-6.07,-5.60,-5.65,-6.11,-5.85,-6.04,-6.13,-5.57
561243000000000000,Fun,-15.00,-14.28,-14.66,-14.12,-14.80,-14.87,-14.41,-13.36,-14.07,-14.69,-14.63,-14.54,-14.65
561591000000000000,Fun,-9.00,-9.11,-9.08,-8.40,-8.94,-9.10,-8.64,-8.30,-8.69,-8.76,-9.06,-8.71,-8.65
561963000000000000,Anger,-35.69,-35.18,-35.43,-35.35,-35.88,-36.10,-35.56,-35.55,-35.88,-36.03,-35.47,-35.08,-32.93
561964000000000000,Anger,-12.00,-11.54,-11.81,-11.50,-12.02,-12.14,-12.15,-12.21,-11.62,-12.01,-12.08,-11.95,-10.96
562019000000000000,Neutral,-15.00,-14.88,-14.84,-13.85,-14.50,-13.49,-14.59,-15.04,-14.58,-14.91,-14.50,-13.94,-14.65
562021000000000000,No Words Found,
562022000000000000,Fun,-3.00,-3.04,-3.03,-3.10,-3.08,-3.03,-3.04,-2.83,-2.75,-2.78,-3.02,-2.59,-3.08
562028000000000000,Neutral,-24.00,-23.69,-24.23,-22.22,-22.96,-22.89,-24.01,-23.52,-23.54,-23.72,-23.87,-23.90,-22.82
562044000000000000,Worry,-6.00,-6.07,-6.06,-6.20,-5.56,-6.07,-6.08,-5.95,-6.11,-6.16,-5.74,-6.13,-6.17
562045000000000000,Fun,-15.00,-13.93,-14.84,-14.90,-15.40,-15.17,-14.89,-13.78,-15.27,-14.79,-14.20,-14.71,-14.47
562062000000000000,Love,-6.00,-6.07,-6.06,-6.20,-6.16,-6.07,-5.30,-6.26,-6.11,-6.16,-6.04,-6.13,-6.17
562067000000000000,Fun,-12.00,-12.14,-11.81,-12.10,-12.32,-12.14,-12.15,-10.95,-12.22,-12.31,-12.08,-11.95,-11.74
562071000000000000,Fun,-20.70,-21.25,-20.90,-21.10,-20.96,-20.94,-20.57,-19.01,-21.08,-21.24,-20.84,-21.14,-20.52
562073000000000000,Fun,-15.00,-15.18,-14.84,-15.50,-15.40,-14.87,-14.89,-13.96,-14.97,-14.61,-15.10,-15.32,-14.82
562075000000000000,Worry,-18.00,-18.22,-18.17,-18.00,-16.50,-18.20,-18.23,-17.59,-17.85,-18.47,-17.52,-18.38,-17.31
562091000000000000,Anger,-9.00,-8.63,-8.78,-9.00,-9.24,-9.10,-9.12,-8.91,-9.16,-8.93,-8.76,-8.89,-8.00
562252000000000000,Relief,-24.00,-23.03,-23.92,-24.03,-24.16,-23.97,-23.71,-23.82,-23.96,-24.32,-23.69,-21.62,-23.78
562439000000000000,Fun,-9.00,-9.11,-9.08,-9.30,-9.24,-9.10,-9.12,-8.48,-9.16,-9.23,-9.06,-9.19,-9.25
563020000000000000,Love,-32.69,-32.32,-31.58,-32.13,-32.50,-32.17,-29.36,-31.70,-32.10,-32.08,-32.45,-32.02,-31.47
563022000000000000,Love,-5.70,-6.07,-5.76,-5.90,-5.68,-5.77,-5.08,-5.65,-5.81,-5.85,-6.04,-5.83,-5.69
563023000000000000,Worry,-9.00,-9.11,-9.08,-9.00,-8.16,-8.80,-8.81,-8.91,-9.16,-8.93,-9.06,-8.89,-9.25
563024000000000000,No Words Found,
563120000000000000,Fun,-6.00,-6.07,-5.45,-5.72,-6.16,-6.07,-6.08,-5.48,-5.81,-6.16,-6.04,-6.13,-5.57
563195000000000000,Fun,-3.00,-3.04,-3.03,-3.10,-3.08,-3.03,-3.04,-2.83,-2.75,-3.08,-3.02,-2.76,-3.08
563512000000000000,Neutral,-6.00,-5.77,-6.06,-5.50,-6.16,-6.07,-5.17,-5.78,-5.51,-5.85,-6.04,-5.83,-6.17
563925000000000000,Happiness,-6.00,-5.60,-5.76,-5.72,-5.86,-6.07,-5.30,-5.95,-5.81,-5.16,-6.04,-5.52,-5.69
564131000000000000,Fun,-15.00,-15.18,-14.84,-15.20,-14.92,-15.17,-15.19,-13.74,-14.97,-15.39,-14.80,-15.02,-14.52
564132000000000000,Neutral,-3.00,-3.04,-3.03,-2.80,-3.08,-2.73,-3.04,-3.13,-3.05,-3.08,-3.02,-2.76,-3.08
564133000000000000,Hate,-9.00,-8.81,-9.08,-8.70,-9.24,-9.10,-8.81,-8.61,-7.78,-9.23,-9.06,-8.71,-9.25
564159000000000000,Fun,-6.00,-5.60,-5.76,-5.90,-6.16,-6.07,-5.78,-5.48,-6.11,-5.55,-5.74,-5.52,-5.69
564204000000000000,Happiness,-12.00,-11.84,-12.11,-11.80,-12.02,-12.14,-12.15,-12.51,-12.22,-11.11,-12.08,-11.65,-12.34
564250000000000000,Worry,-6.00,-6.07,-6.06,-6.20,-5.38,-6.07,-6.08,-5.65,-6.11,-5.85,-6.04,-6.13,-5.87
"
,No Words Found,
564580000000000000,Fun,-15.00,-14.88,-15.14,-14.90,-14.50,-14.57,-14.89,-13.36,-15.27,-14.79,-15.10,-14.71,-14.65
564626000000000000,Enthusiasm,-9.00,-9.11,-8.18,-9.30,-8.94,-9.10,-9.12,-9.38,-8.86,-9.23,-9.06,-8.89,-8.95
564628000000000000,Fun,-6.00,-6.07,-6.06,-6.20,-5.56,-6.07,-6.08,-5.65,-6.11,-6.16,-6.04,-5.83,-5.87
564638000000000000,Fun,-18.00,-17.92,-17.87,-18.30,-17.88,-17.90,-17.93,-16.66,-18.33,-17.86,-18.12,-17.78,-17.43
564640000000000000,Happiness,-9.00,-9.11,-9.08,-9.30,-9.24,-9.10,-9.12,-9.38,-9.16,-8.15,-9.06,-9.19,-8.95
564642000000000000,Hate,-15.00,-15.18,-15.14,-15.20,-15.10,-15.17,-15.19,-15.04,-13.59,-15.09,-15.10,-15.02,-15.42
564643000000000000,Fun,-9.00,-9.11,-9.08,-9.30,-9.24,-9.10,-9.12,-8.48,-9.16,-9.23,-9.06,-9.19,-9.25
564840000000000000,Relief,-6.00,-6.07,-6.06,-6.20,-6.16,-6.07,-6.08,-5.95,-6.11,-6.16,-6.04,-5.17,-6.17
564956000000000000,Anger,-6.00,-6.07,-5.76,-5.90,-6.16,-6.07,-5.78,-5.95,-6.11,-6.16,-6.04,-5.83,-5.57
564957000000000000,Fun,-17.70,-18.22,-17.57,-17.05,-18.48,-17.90,-17.53,-16.31,-18.03,-18.17,-18.12,-18.38,-17.43
564970000000000000,Fun,-6.00,-5.47,-5.58,-5.42,-5.56,-5.77,-5.60,-5.05,-5.51,-5.46,-5.56,-5.83,-5.39
564976000000000000,No Words Found,
565332000000000000,Fun,-15.00,-14.88,-15.14,-14.73,-15.40,-15.17,-14.89,-13.96,-14.97,-15.39,-15.10,-14.71,-14.95
565564000000000000,Anger,-6.00,-6.07,-6.06,-5.72,-6.16,-6.07,-6.08,-6.26,-6.11,-6.16,-6.04,-6.13,-5.57
565565000000000000,Neutral,-3.00,-3.04,-3.03,-2.80,-3.08,-3.03,-3.04,-3.13,-3.05,-3.08,-3.02,-3.06,-3.08
565574000000000000,Worry,-12.00,-12.14,-12.11,-12.40,-11.12,-12.14,-12.15,-12.21,-11.92,-12.31,-12.08,-12.25,-12.34
565662000000000000,Happiness,-3.00,-3.04,-3.03,-3.10,-3.08,-3.03,-3.04,-3.13,-3.05,-2.78,-3.02,-3.06,-3.08
566297000000000000,Fun,-3.00,-3.04,-3.03,-3.10,-3.08,-3.03,-3.04,-2.83,-3.05,-3.08,-3.02,-3.06,-3.08
566298000000000000,Anger,-21.00,-20.48,-20.29,-20.27,-20.96,-21.24,-20.49,-20.82,-20.78,-20.85,-21.15,-21.14,-18.96
566301000000000000,Love,-18.00,-18.22,-18.17,-17.22,-17.88,-17.73,-16.07,-17.86,-18.33,-17.86,-17.52,-17.48,-17.43
566351000000000000,Sadness,-21.00,-18.97,-20.90,-20.32,-20.96,-21.24,-20.19,-20.99,-20.48,-20.85,-20.24,-20.36,-20.82
566441000000000000,Anger,-9.00,-9.11,-9.08,-9.00,-8.76,-9.10,-8.81,-9.38,-8.86,-9.23,-9.06,-9.19,-8.35
566648000000000000,Fun,-6.00,-6.07,-6.06,-5.90,-6.16,-6.07,-6.08,-5.48,-6.11,-6.16,-6.04,-6.13,-6.17
566651000000000000,Neutral,-35.99,-36.13,-36.04,-33.07,-36.48,-35.93,-36.46,-36.28,-35.88,-35.43,-35.65,-36.46,-36.12
566658000000000000,Fun,-6.00,-6.07,-6.06,-6.20,-6.16,-6.07,-6.08,-5.65,-6.11,-6.16,-6.04,-6.13,-6.17
"
,No Words Found,
566697000000000000,Fun,-3.00,-2.74,-2.73,-3.10,-3.08,-3.03,-3.04,-2.83,-3.05,-3.08,-3.02,-3.06,-2.78
566718000000000000,Happiness,-20.70,-20.35,-21.20,-19.93,-20.18,-20.03,-20.97,-20.82,-20.21,-18.61,-20.24,-20.06,-20.21
567096000000000000,Anger,-6.00,-5.77,-5.76,-6.20,-5.86,-6.07,-5.78,-6.26,-6.11,-6.16,-6.04,-6.13,-5.39
567441000000000000,Fun,-41.99,-42.21,-42.09,-41.68,-42.16,-42.00,-42.24,-38.52,-41.99,-41.88,-41.99,-42.28,-42.89
567492000000000000,Fun,-6.00,-6.07,-6.06,-6.20,-6.16,-6.07,-6.08,-5.48,-5.33,-5.85,-6.04,-5.65,-6.17
567540000000000000,Worry,-24.00,-24.29,-24.23,-24.03,-21.83,-24.27,-24.31,-23.82,-24.14,-24.02,-24.17,-23.73,-24.38
567711000000000000,Sadness,-15.00,-13.68,-15.14,-14.42,-14.92,-15.17,-15.19,-15.16,-14.50,-14.49,-14.80,-15.02,-14.82
567725000000000000,Fun,-9.00,-8.21,-8.01,-8.52,-8.34,-8.80,-8.64,-8.18,-8.26,-8.23,-8.59,-8.41,-8.48
567745000000000000,Neutral,-3.00,-3.04,-3.03,-2.62,-3.08,-3.03,-3.04,-2.83,-3.05,-3.08,-3.02,-3.06,-2.78
567769000000000000,Happiness,-9.00,-9.11,-9.08,-8.70,-8.64,-8.80,-9.12,-8.91,-9.16,-8.15,-9.06,-8.89,-9.25
567789000000000000,Happiness,-27.00,-27.03,-27.25,-26.53,-26.94,-27.00,-26.57,-27.07,-26.54,-24.34,-26.89,-26.79,-26.86
567897000000000000,Fun,-15.00,-14.88,-14.84,-14.07,-14.45,-15.17,-14.89,-13.26,-14.02,-14.49,-13.72,-14.36,-14.52
568076000000000000,Fun,-30.00,-29.28,-29.80,-29.33,-29.90,-29.74,-29.31,-26.92,-29.95,-29.78,-29.73,-30.33,-29.77
568118000000000000,Happiness,-24.00,-23.99,-23.92,-24.50,-24.34,-24.27,-24.31,-24.24,-24.14,-21.91,-23.87,-24.51,-24.08
568120000000000000,Fun,-9.00,-8.81,-9.08,-9.00,-8.94,-9.10,-9.12,-8.30,-8.86,-8.63,-9.06,-9.19,-8.95
568218000000000000,Relief,-18.00,-18.22,-17.87,-18.30,-18.48,-18.20,-17.93,-18.47,-18.03,-17.99,-18.12,-16.57,-18.51
568609000000000000,Neutral,-3.00,-2.74,-3.03,-2.80,-3.08,-3.03,-3.04,-3.13,-3.05,-2.78,-3.02,-3.06,-3.08
568887000000000000,Fun,-33.00,-33.10,-33.31,-32.93,-31.80,-33.07,-33.12,-30.09,-32.13,-32.17,-32.93,-32.62,-32.55
569204000000000000,Happiness,-9.00,-9.11,-9.08,-9.30,-9.24,-9.10,-9.12,-9.08,-9.16,-8.33,-9.06,-9.19,-8.95
569591000000000000,No Words Found,
569912000000000000,Worry,-15.00,-15.18,-15.14,-14.73,-13.32,-15.17,-15.19,-14.74,-15.27,-14.79,-15.10,-15.02,-15.12
569913000000000000,Fun,-15.00,-15.18,-15.14,-14.90,-14.62,-15.17,-15.19,-13.74,-14.97,-15.39,-14.80,-15.32,-14.82
569947000000000000,Worry,-21.00,-20.65,-20.90,-20.93,-19.10,-21.24,-21.27,-21.29,-20.31,-21.07,-21.15,-20.67,-21.12
570640000000000000,Fun,-12.00,-11.24,-11.03,-11.15,-11.72,-11.83,-11.68,-10.70,-11.62,-11.31,-11.61,-11.95,-10.96
570641000000000000,Surprise,-9.00,-8.81,-9.08,-9.30,-8.94,-7.90,-9.12,-9.08,-9.16,-8.76,-9.06,-9.19,-8.78
570771000000000000,Sadness,-6.00,-5.47,-6.06,-5.90,-6.16,-6.07,-6.08,-6.26,-6.11,-6.16,-6.04,-6.13,-5.87
570776000000000000,Fun,-15.00,-15.18,-14.84,-15.50,-15.40,-14.87,-14.89,-13.66,-14.97,-14.79,-15.10,-15.02,-15.42
570777000000000000,No Words Found,
570780000000000000,Happiness,-15.00,-14.10,-14.36,-13.77,-14.20,-14.87,-14.24,-14.13,-13.77,-13.09,-14.33,-14.71,-14.17
570781000000000000,Anger,-3.00,-3.04,-3.03,-3.10,-2.48,-3.03,-2.74,-3.13,-3.05,-3.08,-3.02,-3.06,-2.48
570782000000000000,Anger,-3.00,-3.04,-3.03,-2.62,-2.60,-2.56,-3.04,-2.53,-2.75,-2.78,-2.72,-3.06,-2.31
570783000000000000,Anger,-8.70,-9.11,-8.18,-9.00,-8.94,-8.80,-8.42,-8.48,-8.86,-8.93,-9.06,-9.19,-8.18
570793000000000000,Neutral,-12.00,-10.34,-11.33,-10.72,-10.94,-11.83,-11.20,-11.31,-11.62,-11.13,-11.30,-11.35,-10.96
570794000000000000,Worry,-15.00,-13.98,-14.06,-13.95,-13.54,-14.87,-13.94,-13.83,-14.20,-14.21,-13.25,-14.24,-14.04
570796000000000000,Boredom,-12.00,-11.84,-12.11,-12.40,-11.72,-12.14,-12.15,-12.21,-12.22,-12.01,-10.88,-12.25,-12.34
570800000000000000,Fun,-21.00,-20.00,-20.29,-19.85,-21.08,-21.24,-20.67,-19.34,-20.91,-20.94,-18.86,-19.89,-20.04
571370000000000000,Boredom,-24.00,-23.99,-24.23,-24.81,-24.04,-24.27,-24.31,-24.42,-24.44,-24.62,-21.76,-24.51,-24.68
571524000000000000,Surprise,-21.00,-20.65,-20.90,-20.32,-20.96,-18.95,-20.67,-20.69,-21.38,-19.69,-20.84,-20.24,-19.74
571528000000000000,Enthusiasm,-9.00,-8.81,-8.18,-8.83,-9.24,-9.10,-9.12,-9.08,-9.16,-9.23,-9.06,-9.19,-8.95
571860000000000000,Anger,-12.00,-12.14,-12.11,-12.40,-11.84,-12.14,-12.15,-11.91,-12.22,-11.41,-12.08,-12.25,-10.96
571929000000000000,Anger,-15.00,-15.18,-15.14,-15.50,-15.10,-14.57,-15.19,-15.64,-15.27,-14.43,-15.10,-15.02,-13.74
572134000000000000,Happiness,-18.00,-17.14,-17.87,-16.95,-17.10,-17.90,-17.45,-17.69,-16.85,-15.79,-17.52,-17.60,-17.43
572173000000000000,Neutral,-27.00,-27.33,-27.25,-25.02,-27.42,-26.83,-27.05,-27.37,-27.49,-27.70,-26.89,-26.97,-26.99
572549000000000000,Anger,-3.00,-3.04,-3.03,-3.10,-3.08,-3.03,-3.04,-3.13,-2.75,-2.78,-3.02,-3.06,-2.78
572559000000000000,Neutral,-24.00,-23.99,-23.92,-22.05,-24.64,-23.97,-24.01,-24.24,-24.14,-24.32,-24.17,-23.90,-24.38
572560000000000000,Happiness,-3.00,-2.56,-2.73,-2.62,-2.78,-3.03,-2.56,-2.83,-2.75,-2.38,-3.02,-2.76,-2.61
572565000000000000,Boredom,-9.00,-9.11,-9.08,-9.30,-8.94,-9.10,-9.12,-9.08,-9.16,-9.23,-8.16,-9.19,-9.25
572566000000000000,Worry,-24.00,-23.99,-23.92,-23.15,-21.40,-23.49,-23.71,-22.91,-22.49,-23.54,-22.79,-23.25,-23.00
572567000000000000,Surprise,-21.00,-21.25,-21.20,-21.10,-21.26,-19.13,-20.97,-21.59,-21.08,-21.24,-21.15,-21.44,-21.29
572570000000000000,Fun,-9.00,-8.51,-8.31,-8.52,-8.64,-8.80,-8.34,-7.88,-8.26,-7.76,-8.59,-8.59,-8.48
572576000000000000,Fun,-15.00,-15.18,-15.14,-15.20,-15.10,-15.17,-15.19,-14.13,-15.27,-15.39,-15.10,-15.32,-15.42
572577000000000000,Anger,-6.00,-6.07,-6.06,-5.42,-5.68,-5.59,-6.08,-5.35,-5.51,-5.55,-5.74,-6.13,-5.09
572652000000000000,Neutral,-3.00,-3.04,-2.73,-2.62,-2.78,-2.73,-3.04,-3.13,-3.05,-3.08,-3.02,-2.76,-3.08
573153000000000000,Happiness,-24.00,-24.29,-24.23,-24.03,-23.94,-24.27,-24.31,-24.42,-24.44,-21.91,-23.87,-24.21,-24.38
573159000000000000,Fun,-3.00,-3.04,-3.03,-3.10,-2.60,-3.03,-3.04,-2.83,-3.05,-3.08,-3.02,-3.06,-2.78
573229000000000000,Fun,-35.99,-35.66,-36.34,-36.43,-35.96,-36.10,-36.46,-33.44,-36.36,-35.73,-36.25,-36.16,-35.94

,No Words Found,
"
,No Words Found,
573256000000000000,Relief,-6.00,-6.07,-6.06,-6.20,-5.86,-6.07,-6.08,-5.95,-5.63,-6.16,-6.04,-5.52,-5.87
573257000000000000,Neutral,-18.00,-17.62,-17.69,-16.02,-17.28,-17.90,-17.45,-17.56,-17.43,-17.47,-17.35,-18.08,-17.13
573258000000000000,Worry,-14.70,-15.18,-15.14,-14.60,-13.42,-14.57,-14.89,-14.64,-15.27,-14.61,-14.50,-15.32,-14.04
573262000000000000,Happiness,-9.00,-9.11,-8.48,-9.00,-8.46,-8.80,-8.81,-8.91,-8.56,-7.68,-9.06,-8.89,-8.35
573273000000000000,Neutral,-24.00,-23.09,-23.27,-21.32,-22.36,-23.67,-23.23,-22.61,-23.24,-23.14,-23.39,-23.30,-23.00
573353000000000000,Fun,-18.00,-17.92,-18.17,-18.00,-17.70,-17.90,-18.23,-16.31,-18.33,-18.17,-18.12,-18.08,-18.21
573493000000000000,Fun,-21.00,-20.48,-19.69,-20.75,-21.08,-21.24,-20.37,-19.13,-19.70,-20.29,-20.67,-20.67,-20.09
573666000000000000,Relief,-12.00,-11.67,-12.11,-12.10,-12.32,-12.14,-11.85,-12.51,-12.22,-12.31,-12.08,-10.22,-12.04
573670000000000000,Fun,-6.00,-6.07,-6.06,-5.90,-6.16,-5.47,-6.08,-5.78,-6.11,-6.16,-6.04,-6.13,-6.17
573672000000000000,Happiness,-17.70,-17.92,-17.87,-17.30,-18.48,-18.20,-17.63,-17.99,-17.73,-16.48,-18.12,-18.08,-17.91
573673000000000000,Fun,-3.00,-3.04,-2.73,-2.62,-2.60,-3.03,-2.74,-2.53,-2.58,-3.08,-2.54,-2.59,-2.78
573674000000000000,Neutral,-8.70,-8.81,-8.78,-7.83,-8.34,-8.50,-8.81,-8.78,-8.47,-8.46,-8.76,-8.41,-8.65
573675000000000000,Anger,-15.00,-14.88,-15.14,-13.95,-14.45,-14.87,-14.72,-13.86,-14.50,-14.49,-14.20,-15.32,-13.44
573676000000000000,Happiness,-9.00,-9.11,-9.08,-8.83,-9.24,-8.80,-9.12,-9.38,-9.16,-8.15,-9.06,-9.19,-8.95
573678000000000000,Love,-6.00,-6.07,-6.06,-5.90,-6.16,-5.77,-5.30,-5.95,-6.11,-5.85,-6.04,-6.13,-5.87
573679000000000000,Neutral,-9.00,-8.81,-9.08,-8.10,-9.24,-8.80,-8.81,-9.38,-9.16,-9.23,-9.06,-9.19,-8.95
573680000000000000,Fun,-14.70,-14.88,-14.54,-14.73,-15.10,-14.87,-14.49,-13.96,-13.59,-15.09,-15.10,-15.02,-14.65
573681000000000000,Anger,-3.00,-3.04,-2.73,-3.10,-3.08,-3.03,-2.74,-2.65,-2.75,-2.60,-3.02,-3.06,-2.48
573908000000000000,Anger,-12.00,-12.14,-11.81,-12.40,-12.32,-12.14,-11.85,-12.03,-11.92,-11.83,-12.08,-12.25,-10.83
573982000000000000,Fun,-18.00,-17.74,-17.57,-18.13,-18.18,-18.20,-17.75,-16.96,-18.03,-17.47,-18.12,-18.08,-17.73
574328000000000000,Sadness,-15.00,-12.85,-14.36,-13.82,-14.80,-14.87,-14.11,-13.96,-14.67,-14.39,-14.33,-14.11,-13.57
574365000000000000,Relief,-3.00,-3.04,-3.03,-3.10,-3.08,-3.03,-3.04,-3.13,-3.05,-3.08,-3.02,-2.76,-3.08
574385000000000000,Enthusiasm,-15.00,-14.70,-13.46,-15.20,-15.10,-14.87,-14.89,-15.34,-14.97,-15.39,-14.80,-15.02,-15.12
574727000000000000,Neutral,-3.00,-3.04,-3.03,-2.80,-3.08,-3.03,-3.04,-3.13,-3.05,-3.08,-3.02,-3.06,-3.08
574729000000000000,No Words Found,
574734000000000000,Fun,-26.70,-26.42,-26.00,-26.53,-25.86,-26.40,-26.57,-23.96,-26.29,-26.40,-26.11,-26.67,-25.48
574736000000000000,Happiness,-9.00,-9.11,-9.08,-9.30,-9.24,-9.10,-9.12,-9.38,-9.16,-8.33,-9.06,-8.71,-9.25
575067000000000000,Neutral,-9.00,-8.33,-8.78,-8.10,-9.24,-9.10,-8.81,-8.30,-8.26,-8.63,-8.76,-8.11,-8.78
575068000000000000,No Words Found,
575085000000000000,Worry,-12.00,-12.14,-12.11,-11.80,-11.12,-12.14,-12.15,-12.51,-12.22,-12.31,-12.08,-12.25,-12.34
575086000000000000,Neutral,-18.00,-17.92,-18.17,-16.10,-16.80,-17.60,-17.63,-18.16,-17.33,-17.39,-17.82,-17.90,-18.21
575094000000000000,Neutral,-9.00,-8.81,-8.78,-8.22,-9.24,-9.10,-9.12,-9.08,-9.16,-8.93,-9.06,-9.19,-8.65
575095000000000000,No Words Found,
Me: ""I ain't snitching fam""
,Fun,-3.00,-3.04,-3.03,-3.10,-3.08,-3.03,-2.74,-3.13,-3.05,-3.08,-3.02,-3.06,-3.08
Police: ""You're facing 25 to life"" "
,Fun,-9.00,-9.11,-9.08,-8.70,-8.64,-8.62,-9.12,-8.18,-8.86,-7.98,-9.06,-8.89,-9.25
575353000000000000,Neutral,-6.00,-6.07,-6.06,-5.60,-6.16,-6.07,-6.08,-6.26,-6.11,-6.16,-6.04,-6.13,-6.17
575443000000000000,Anger,-24.00,-23.09,-23.75,-22.65,-23.13,-23.37,-23.53,-22.61,-23.24,-22.54,-23.69,-23.60,-21.44
575825000000000000,Neutral,-3.00,-3.04,-3.03,-2.50,-2.48,-3.03,-2.74,-2.83,-3.05,-2.78,-2.72,-3.06,-2.78
575826000000000000,Happiness,-12.00,-11.54,-11.64,-11.32,-11.72,-11.83,-11.68,-11.01,-11.32,-10.53,-11.61,-11.65,-11.56
575828000000000000,Fun,-9.00,-7.90,-8.01,-8.22,-8.16,-8.80,-8.16,-8.18,-8.56,-8.06,-8.28,-8.59,-8.18
575836000000000000,Relief,-3.00,-3.04,-3.03,-3.10,-3.08,-3.03,-3.04,-3.13,-2.75,-3.08,-3.02,-2.76,-3.08
576151000000000000,Relief,-9.00,-8.63,-8.78,-8.83,-8.94,-9.10,-8.64,-8.78,-8.86,-8.53,-9.06,-8.29,-8.48
576155000000000000,Love,-23.39,-23.51,-23.92,-23.20,-24.04,-23.67,-21.33,-23.34,-23.14,-23.84,-23.56,-23.73,-23.12
576200000000000000,Fun,-6.00,-6.07,-6.06,-6.20,-5.86,-6.07,-6.08,-5.48,-5.63,-6.16,-6.04,-6.13,-6.17
576442000000000000,Fun,-15.00,-14.88,-15.14,-15.20,-14.80,-14.87,-14.89,-13.66,-14.97,-15.09,-15.10,-15.02,-14.17
576443000000000000,Fun,-21.00,-20.95,-21.20,-21.40,-21.26,-21.24,-21.27,-19.79,-21.38,-21.24,-21.15,-21.14,-21.59
576477000000000000,Relief,-3.00,-3.04,-3.03,-3.10,-3.08,-3.03,-3.04,-3.13,-3.05,-3.08,-3.02,-2.76,-3.08
576495000000000000,Relief,-27.00,-27.33,-26.65,-27.43,-27.72,-26.83,-26.75,-27.55,-26.42,-27.40,-26.89,-24.38,-26.99
576515000000000000,Worry,-6.00,-6.07,-6.06,-6.20,-5.56,-6.07,-6.08,-6.26,-5.81,-6.16,-6.04,-6.13,-6.17
576536000000000000,Neutral,-21.00,-20.65,-21.20,-19.30,-21.26,-21.24,-20.79,-21.29,-20.61,-20.46,-21.15,-20.67,-20.82
576538000000000000,Neutral,-3.00,-3.04,-3.03,-2.80,-3.08,-3.03,-3.04,-3.13,-3.05,-3.08,-3.02,-3.06,-3.08
576539000000000000,Hate,-12.00,-12.14,-12.11,-12.40,-12.02,-12.14,-12.15,-11.91,-10.84,-12.31,-12.08,-11.95,-12.04
576574000000000000,Hate,-9.00,-8.81,-9.08,-8.60,-8.34,-8.80,-8.81,-9.08,-7.86,-8.46,-8.76,-8.41,-8.95
576575000000000000,Hate,-9.00,-9.11,-9.08,-8.83,-8.46,-8.62,-9.12,-8.78,-8.09,-8.93,-8.76,-9.19,-8.48
576578000000000000,Anger,-6.00,-6.07,-6.06,-5.42,-5.21,-5.59,-6.08,-4.95,-5.81,-5.85,-5.44,-6.13,-4.79
576603000000000000,Neutral,-6.00,-6.07,-6.06,-5.60,-5.68,-6.07,-5.78,-6.26,-5.81,-6.16,-6.04,-6.13,-5.87
576604000000000000,Anger,-6.00,-6.07,-6.06,-6.20,-6.16,-5.59,-6.08,-5.95,-6.11,-5.85,-6.04,-6.13,-5.57
576783000000000000,Neutral,-6.00,-5.47,-6.06,-4.90,-6.16,-6.07,-5.17,-5.48,-4.91,-5.85,-6.04,-5.35,-6.17
576784000000000000,Surprise,-12.00,-12.14,-12.11,-12.40,-12.32,-10.93,-12.15,-12.51,-11.62,-12.31,-12.08,-12.25,-12.04
576787000000000000,Surprise,-15.00,-15.18,-15.14,-14.90,-15.10,-13.66,-15.19,-14.56,-14.97,-15.09,-15.10,-14.71,-15.12
577223000000000000,No Words Found,
577523000000000000,Fun,-6.00,-6.07,-6.06,-6.20,-5.86,-6.07,-6.08,-5.48,-6.11,-6.16,-6.04,-6.13,-5.87
578058000000000000,Fun,-9.00,-8.81,-9.08,-8.60,-9.24,-9.10,-8.21,-8.13,-8.56,-8.63,-9.06,-8.29,-9.25
578358000000000000,Worry,-9.00,-9.11,-8.78,-9.30,-8.34,-9.10,-9.12,-9.38,-8.86,-9.23,-9.06,-9.19,-8.95
578362000000000000,Fun,-6.00,-5.47,-5.58,-5.42,-5.26,-5.77,-5.60,-4.88,-5.03,-5.46,-5.56,-5.83,-5.39
578368000000000000,No Words Found,
578369000000000000,Neutral,-12.00,-12.14,-12.11,-11.02,-12.32,-10.93,-12.15,-12.51,-12.22,-11.71,-12.08,-12.25,-12.34
578370000000000000,Worry,-6.00,-6.07,-6.06,-6.20,-5.56,-6.07,-6.08,-6.26,-6.11,-6.16,-6.04,-6.13,-6.17
578372000000000000,Anger,-9.00,-8.51,-8.61,-8.52,-8.64,-8.80,-8.64,-8.18,-8.56,-8.53,-8.59,-8.89,-7.87
578374000000000000,Love,-11.70,-11.84,-11.81,-12.10,-12.32,-11.83,-10.55,-11.91,-11.92,-11.71,-12.08,-12.25,-11.08
578378000000000000,Anger,-3.00,-3.04,-2.73,-3.10,-3.08,-3.03,-2.74,-2.65,-2.75,-2.60,-3.02,-3.06,-2.48
578380000000000000,Happiness,-18.00,-17.92,-18.17,-16.92,-17.10,-18.20,-17.75,-17.86,-16.95,-15.83,-18.12,-17.90,-18.03
578390000000000000,Sadness,-21.00,-19.15,-21.20,-21.71,-21.26,-21.24,-21.27,-21.89,-21.38,-21.54,-21.15,-21.14,-21.59
578723000000000000,Neutral,-6.00,-6.07,-6.06,-5.60,-6.16,-5.47,-6.08,-6.26,-6.11,-6.16,-6.04,-6.13,-6.17
578725000000000000,Fun,-6.00,-6.07,-5.45,-5.72,-5.86,-6.07,-6.08,-5.78,-6.11,-6.16,-6.04,-6.13,-6.17
578727000000000000,Neutral,-6.00,-6.07,-6.06,-5.60,-6.16,-5.47,-6.08,-6.26,-6.11,-6.16,-6.04,-6.13,-6.17
578732000000000000,Neutral,-12.00,-10.94,-12.11,-10.53,-11.72,-11.83,-10.95,-11.43,-10.92,-11.53,-11.78,-11.48,-12.04
578735000000000000,Relief,-21.00,-20.17,-20.90,-21.01,-21.26,-21.24,-20.67,-20.82,-20.48,-20.94,-21.15,-18.98,-21.59
578737000000000000,Relief,-6.00,-6.07,-6.06,-6.20,-5.56,-6.07,-6.08,-5.95,-5.81,-5.85,-6.04,-5.35,-5.87
579319000000000000,Worry,-18.00,-18.22,-18.17,-17.83,-15.92,-18.20,-17.93,-18.16,-17.73,-17.86,-17.82,-18.08,-18.21
579365000000000000,Fun,-6.00,-5.29,-6.06,-5.90,-6.16,-6.07,-5.78,-5.65,-6.11,-5.85,-5.74,-5.83,-5.87
579434000000000000,Neutral,-18.00,-18.22,-18.17,-16.80,-18.18,-17.90,-18.23,-18.47,-18.33,-18.17,-17.82,-18.08,-18.51
580083000000000000,Anger,-3.00,-3.04,-3.03,-2.80,-3.08,-3.03,-3.04,-3.13,-2.75,-3.08,-3.02,-3.06,-2.78
580190000000000000,Relief,-23.70,-23.99,-23.92,-23.90,-24.04,-24.27,-23.83,-23.94,-23.66,-24.14,-23.87,-21.92,-24.08
580586000000000000,Worry,-6.00,-6.07,-6.06,-5.90,-5.56,-6.07,-6.08,-5.95,-6.11,-5.85,-6.04,-6.13,-6.17
580587000000000000,Love,-18.00,-18.22,-17.39,-18.00,-17.70,-18.20,-16.07,-17.47,-18.03,-17.69,-17.82,-17.30,-17.91
580611000000000000,Surprise,-14.70,-14.70,-15.14,-15.20,-15.10,-13.49,-14.89,-14.43,-14.67,-14.01,-15.10,-14.41,-14.52
580781000000000000,Fun,-21.00,-20.78,-21.20,-21.10,-21.26,-20.76,-20.97,-19.31,-21.08,-20.77,-20.84,-21.44,-21.12
580782000000000000,Fun,-15.00,-15.18,-15.14,-15.20,-15.40,-14.87,-15.19,-13.96,-15.27,-15.39,-15.10,-15.32,-15.12
581260000000000000,Worry,-6.00,-6.07,-6.06,-5.30,-5.08,-6.07,-5.78,-5.95,-5.81,-5.25,-5.74,-6.13,-5.87
581263000000000000,Worry,-6.00,-6.07,-5.76,-6.20,-5.56,-6.07,-6.08,-6.26,-6.11,-6.16,-6.04,-6.13,-6.17
581531000000000000,Happiness,-18.00,-17.62,-17.39,-17.83,-17.88,-17.60,-17.15,-16.96,-17.43,-16.09,-17.65,-17.78,-17.73
581532000000000000,Relief,-9.00,-8.81,-9.08,-8.60,-8.64,-8.80,-8.51,-8.78,-8.47,-8.76,-8.76,-8.11,-8.65
581928000000000000,Neutral,-18.00,-17.14,-17.39,-16.32,-17.58,-17.60,-17.45,-16.96,-17.43,-17.47,-17.35,-17.78,-16.83
581929000000000000,Relief,-18.00,-17.92,-17.69,-17.70,-18.00,-17.90,-17.45,-18.16,-18.03,-17.69,-17.22,-16.40,-17.91
581930000000000000,Enthusiasm,-12.00,-12.14,-10.91,-12.40,-12.32,-12.14,-12.15,-12.21,-12.22,-12.01,-12.08,-12.25,-12.04
581970000000000000,Fun,-3.00,-3.04,-3.03,-3.10,-3.08,-3.03,-3.04,-3.13,-3.05,-3.08,-2.72,-3.06,-3.08
581971000000000000,No Words Found,
581976000000000000,Worry,-18.00,-18.22,-17.87,-17.22,-17.10,-17.90,-17.63,-17.39,-17.38,-18.17,-17.35,-17.90,-17.91
581982000000000000,No Words Found,
581983000000000000,Relief,-21.00,-20.35,-20.72,-19.85,-20.18,-20.94,-20.19,-19.69,-19.88,-20.85,-20.37,-18.81,-20.21
581985000000000000,Anger,-9.00,-8.21,-8.61,-8.22,-7.73,-8.50,-8.04,-7.88,-8.56,-8.23,-8.59,-8.59,-7.40
582028000000000000,Anger,-12.00,-11.54,-12.11,-12.40,-12.32,-12.14,-11.85,-12.51,-12.22,-12.01,-12.08,-12.25,-10.96
582223000000000000,Neutral,-38.99,-37.97,-38.89,-35.27,-39.44,-38.66,-38.72,-38.55,-37.91,-39.31,-38.79,-39.05,-39.33
582224000000000000,Relief,-3.00,-3.04,-3.03,-3.10,-3.08,-3.03,-3.04,-3.13,-3.05,-3.08,-3.02,-2.76,-3.08
582249000000000000,Anger,-15.00,-14.88,-14.84,-15.50,-15.10,-14.87,-14.89,-15.04,-14.97,-14.79,-15.10,-14.84,-13.92
582257000000000000,Sadness,-12.00,-10.59,-11.81,-12.40,-12.02,-11.83,-12.15,-12.21,-12.22,-12.01,-11.78,-11.95,-12.04
582405000000000000,Enthusiasm,-18.00,-17.74,-16.36,-17.65,-17.70,-18.20,-17.15,-17.09,-17.25,-17.17,-17.65,-17.00,-17.73
582633000000000000,Anger,-12.00,-11.67,-11.51,-12.10,-11.72,-12.14,-11.85,-11.43,-11.92,-12.31,-11.78,-12.25,-10.96
582718000000000000,Boredom,-9.00,-8.63,-8.48,-9.30,-8.94,-9.10,-9.12,-9.38,-9.16,-8.93,-8.16,-9.19,-9.25
583027000000000000,Fun,-8.40,-9.11,-8.78,-8.70,-9.24,-8.80,-8.42,-8.18,-8.86,-8.63,-9.06,-9.19,-8.18
583029000000000000,Relief,-35.99,-36.13,-36.34,-36.13,-36.66,-36.41,-36.46,-36.53,-36.66,-36.33,-35.95,-32.97,-36.12
583048000000000000,Hate,-15.00,-14.70,-14.54,-14.55,-14.80,-14.87,-14.72,-15.04,-13.59,-14.39,-15.10,-15.02,-14.65
583439000000000000,No Words Found,
583440000000000000,Anger,-12.00,-12.14,-11.81,-11.20,-11.42,-12.14,-11.55,-11.26,-11.62,-11.53,-11.78,-11.95,-10.83
583652000000000000,Happiness,-30.00,-30.06,-29.98,-30.71,-30.20,-30.04,-30.39,-30.50,-30.25,-27.29,-30.21,-30.33,-29.65
583739000000000000,No Words Found,
583740000000000000,Anger,-9.00,-9.11,-8.78,-8.83,-8.94,-9.10,-8.81,-8.48,-9.16,-9.23,-8.76,-8.89,-8.18
583810000000000000,Relief,-3.00,-3.04,-3.03,-3.10,-3.08,-3.03,-3.04,-3.13,-3.05,-2.78,-3.02,-2.59,-3.08
584431000000000000,Fun,-24.00,-24.29,-24.23,-24.20,-24.34,-23.67,-23.83,-22.14,-23.84,-24.32,-24.17,-23.60,-24.08
584617000000000000,Fun,-23.70,-24.29,-24.23,-24.50,-24.34,-24.27,-24.31,-22.44,-24.44,-24.62,-24.17,-24.03,-24.38
584802000000000000,Hate,-15.00,-15.18,-15.14,-14.90,-15.10,-15.17,-14.72,-14.74,-13.59,-14.91,-15.10,-14.84,-15.42
584809000000000000,Anger,-11.70,-11.84,-12.11,-12.40,-11.72,-12.14,-12.15,-12.03,-12.22,-12.31,-11.78,-11.95,-11.14
585178000000000000,Happiness,-24.00,-23.21,-23.75,-23.00,-23.56,-22.89,-23.53,-23.22,-23.54,-21.86,-23.87,-23.43,-23.30
585231000000000000,Worry,-3.00,-3.04,-3.03,-3.10,-2.60,-3.03,-3.04,-3.13,-3.05,-3.08,-3.02,-3.06,-3.08
585233000000000000,Neutral,-15.00,-14.40,-14.54,-13.82,-15.40,-15.17,-15.19,-14.86,-15.27,-14.61,-14.50,-15.02,-14.47
585236000000000000,Anger,-27.00,-26.72,-26.95,-26.61,-26.52,-26.70,-26.75,-27.25,-26.80,-26.75,-26.89,-26.49,-24.88

,No Words Found,
K."
,Fun,-3.00,-3.04,-3.03,-3.10,-3.08,-2.73,-3.04,-3.13,-3.05,-3.08,-3.02,-3.06,-3.08
585239000000000000,Fun,-9.00,-9.11,-9.08,-8.52,-8.46,-8.02,-9.12,-8.30,-8.86,-8.63,-8.76,-9.19,-8.48
585243000000000000,Fun,-6.00,-6.07,-6.06,-6.20,-6.16,-5.77,-6.08,-5.48,-6.11,-6.16,-6.04,-6.13,-5.87
585260000000000000,Neutral,-15.00,-15.18,-14.84,-13.47,-14.80,-14.87,-15.19,-15.34,-14.97,-14.91,-14.80,-15.02,-14.47
585262000000000000,Relief,-30.00,-29.76,-29.98,-30.41,-29.90,-29.44,-29.61,-28.87,-30.25,-30.18,-29.91,-27.45,-29.77
585276000000000000,Worry,-18.00,-16.71,-17.39,-17.53,-16.20,-17.90,-17.28,-17.56,-17.73,-17.29,-17.35,-17.78,-17.43
585591000000000000,Fun,-6.00,-5.47,-5.28,-5.42,-5.56,-5.77,-5.30,-5.05,-5.51,-5.46,-5.56,-5.52,-5.09
585593000000000000,Worry,-12.00,-11.84,-12.11,-11.70,-10.81,-11.83,-11.85,-11.61,-11.22,-11.53,-11.78,-11.48,-11.74
585594000000000000,Anger,-9.00,-9.11,-9.08,-9.00,-8.94,-9.10,-8.81,-8.78,-8.86,-8.93,-9.06,-9.19,-8.35
585858000000000000,Boredom,-15.00,-14.58,-15.14,-14.50,-14.80,-14.87,-14.59,-15.04,-14.58,-14.91,-13.60,-14.54,-14.82
585867000000000000,Worry,-12.00,-12.14,-12.11,-12.40,-10.64,-12.14,-11.85,-12.21,-12.22,-12.31,-12.08,-12.25,-11.44
585873000000000000,Neutral,-33.00,-32.80,-33.31,-30.22,-33.58,-33.37,-32.52,-33.03,-32.70,-32.95,-33.23,-33.09,-33.63
585875000000000000,Surprise,-24.00,-24.29,-24.23,-24.33,-24.34,-21.69,-24.31,-24.72,-24.44,-24.62,-24.17,-24.51,-24.68
585885000000000000,Relief,-9.00,-8.81,-9.08,-8.22,-8.94,-8.62,-8.81,-9.38,-9.16,-9.23,-8.76,-7.99,-8.48
585947000000000000,Neutral,-3.00,-2.74,-3.03,-2.50,-2.78,-3.03,-3.04,-3.13,-3.05,-3.08,-3.02,-2.76,-2.78
585976000000000000,Hate,-12.00,-11.84,-12.11,-11.62,-11.84,-12.14,-12.15,-11.73,-10.84,-11.41,-11.78,-12.25,-11.74
586260000000000000,Worry,-32.69,-33.40,-32.71,-33.33,-30.04,-33.37,-32.52,-32.90,-32.22,-33.86,-32.75,-32.92,-32.43
586357000000000000,Worry,-21.00,-20.78,-20.90,-20.63,-18.92,-21.24,-20.79,-20.99,-20.78,-19.94,-21.15,-21.14,-20.82
586492000000000000,Fun,-6.00,-6.07,-5.76,-6.20,-6.16,-6.07,-5.60,-5.65,-6.11,-6.16,-6.04,-5.83,-5.87
586495000000000000,Happiness,-3.00,-3.04,-2.73,-3.10,-2.78,-2.73,-3.04,-3.13,-3.05,-2.60,-3.02,-2.76,-2.78
586923000000000000,Anger,-15.00,-14.70,-14.84,-14.73,-15.10,-15.17,-14.72,-15.34,-14.97,-14.09,-15.10,-15.02,-13.74
587415000000000000,Relief,-15.00,-14.58,-14.24,-15.20,-14.62,-14.87,-13.94,-14.74,-15.27,-14.13,-14.80,-13.81,-14.52
587677000000000000,Hate,-15.00,-14.40,-15.14,-14.50,-14.80,-14.87,-14.89,-15.04,-13.37,-14.91,-14.80,-14.84,-15.12
587679000000000000,Fun,-6.00,-5.77,-6.06,-5.42,-4.98,-6.07,-6.08,-5.05,-6.11,-5.55,-6.04,-5.52,-6.17
FAV for Fab &amp; Lil Mo"
,Fun,-3.00,-3.04,-3.03,-2.62,-2.38,-3.03,-3.04,-2.53,-3.05,-2.48,-3.02,-2.76,-3.08
587768000000000000,Worry,-12.00,-11.84,-11.81,-11.62,-10.76,-11.53,-12.15,-11.43,-11.74,-11.23,-11.48,-11.95,-11.74
587998000000000000,Happiness,-24.00,-24.29,-24.23,-24.81,-24.64,-23.97,-24.01,-24.42,-24.14,-22.21,-24.17,-24.51,-24.38
588000000000000000,Anger,-12.00,-11.84,-12.11,-11.15,-11.84,-10.88,-11.85,-11.43,-11.62,-10.93,-11.48,-11.65,-10.48
588001000000000000,Neutral,-33.00,-32.50,-32.71,-29.52,-32.07,-33.07,-31.44,-31.37,-31.53,-32.30,-32.93,-31.54,-33.33
588002000000000000,Enthusiasm,-9.00,-9.11,-8.18,-9.30,-9.24,-9.10,-8.81,-9.08,-9.16,-9.23,-9.06,-8.89,-8.95
588007000000000000,Hate,-21.00,-21.25,-20.42,-21.40,-21.26,-21.24,-21.27,-21.89,-18.93,-21.24,-21.15,-21.44,-21.59
588008000000000000,Anger,-6.00,-5.60,-5.45,-5.72,-5.86,-6.07,-5.12,-5.65,-5.81,-5.46,-6.04,-5.52,-5.39
588009000000000000,Worry,-3.00,-3.04,-3.03,-3.10,-2.78,-3.03,-3.04,-3.13,-3.05,-3.08,-3.02,-3.06,-3.08
588051000000000000,Anger,-9.00,-9.11,-9.08,-9.30,-8.76,-9.10,-9.12,-9.08,-9.16,-9.23,-9.06,-9.19,-8.18
588154000000000000,Neutral,-9.00,-8.63,-8.78,-8.22,-8.94,-9.10,-8.64,-8.78,-8.26,-8.23,-9.06,-8.89,-8.78
588157000000000000,Happiness,-18.00,-18.22,-17.87,-17.83,-18.00,-17.42,-17.93,-17.26,-18.03,-16.48,-17.82,-18.38,-17.43
588160000000000000,Sadness,-15.00,-13.50,-14.84,-15.20,-14.80,-15.17,-14.59,-14.74,-14.67,-15.39,-15.10,-15.32,-14.65
588165000000000000,Fun,-6.00,-6.07,-6.06,-6.20,-6.16,-6.07,-6.08,-5.65,-6.11,-6.16,-6.04,-6.13,-6.17
588166000000000000,Neutral,-9.00,-8.81,-9.08,-8.40,-9.24,-9.10,-8.51,-9.08,-9.16,-9.23,-8.76,-8.89,-8.95
588167000000000000,Sadness,-9.00,-7.85,-8.78,-9.00,-9.24,-8.80,-9.12,-9.08,-9.16,-8.93,-8.76,-8.89,-8.95
588168000000000000,Fun,-9.00,-9.11,-9.08,-8.52,-8.76,-8.32,-8.81,-8.18,-8.86,-8.93,-8.76,-9.19,-8.48
588172000000000000,Neutral,-15.00,-14.88,-15.14,-13.60,-14.50,-14.27,-14.59,-14.26,-14.58,-14.61,-14.80,-14.84,-15.12
588173000000000000,Love,-21.00,-20.48,-20.90,-21.40,-20.96,-20.94,-19.16,-21.29,-20.78,-21.24,-21.15,-21.44,-20.52
588183000000000000,Fun,-6.00,-5.77,-5.76,-5.42,-5.68,-6.07,-5.48,-5.35,-5.63,-6.16,-5.26,-5.35,-5.57
588184000000000000,Neutral,-3.00,-2.74,-3.03,-2.80,-3.08,-3.03,-3.04,-3.13,-3.05,-2.78,-3.02,-2.76,-3.08
588215000000000000,Relief,-6.00,-6.07,-6.06,-5.90,-6.16,-6.07,-6.08,-6.26,-6.11,-5.85,-6.04,-5.52,-6.17
588392000000000000,Fun,-9.00,-9.11,-9.08,-9.00,-8.94,-9.10,-9.12,-8.18,-8.86,-9.23,-9.06,-8.89,-8.95
588393000000000000,Anger,-13.49,-14.88,-14.84,-15.20,-14.80,-14.57,-14.49,-14.56,-14.97,-14.79,-14.80,-14.71,-14.35
588493000000000000,Worry,-15.00,-13.98,-14.36,-14.42,-13.24,-14.57,-14.24,-14.43,-14.67,-13.91,-14.33,-14.71,-14.35
589173000000000000,Fun,-6.00,-6.07,-6.06,-6.20,-6.16,-5.47,-6.08,-5.95,-6.11,-6.16,-6.04,-6.13,-5.87
589263000000000000,Fun,-6.00,-6.07,-6.06,-5.42,-6.16,-6.07,-6.08,-5.56,-6.11,-5.85,-5.44,-5.65,-5.57
589464000000000000,Happiness,-15.00,-15.18,-15.14,-15.20,-15.40,-15.17,-14.72,-15.04,-15.27,-13.88,-14.80,-15.32,-15.12
589467000000000000,Love,-18.00,-17.31,-17.27,-17.40,-17.70,-18.20,-16.07,-17.39,-17.55,-17.21,-17.52,-17.00,-17.91
589468000000000000,Anger,-27.00,-26.85,-26.00,-27.00,-26.64,-26.70,-25.49,-26.34,-26.59,-26.62,-26.89,-26.19,-25.06
589469000000000000,Neutral,-24.00,-23.99,-23.62,-22.05,-23.86,-24.27,-24.01,-23.82,-23.96,-24.32,-23.69,-24.03,-23.78
589519000000000000,Relief,-18.00,-18.22,-17.69,-18.00,-18.18,-17.90,-17.63,-17.86,-18.03,-18.17,-18.12,-16.57,-17.73
589866000000000000,Neutral,-3.00,-2.74,-3.03,-2.80,-3.08,-3.03,-3.04,-3.13,-2.75,-3.08,-3.02,-3.06,-3.08
589913000000000000,Relief,-21.00,-20.95,-21.20,-21.40,-21.26,-20.94,-20.97,-21.42,-21.08,-21.54,-21.15,-19.16,-21.29
589915000000000000,Neutral,-12.00,-11.07,-12.11,-10.62,-12.32,-12.14,-11.25,-12.03,-11.62,-12.01,-12.08,-11.35,-11.44
589916000000000000,No Words Found,
589929000000000000,Neutral,-3.00,-2.74,-3.03,-2.50,-3.08,-3.03,-2.74,-2.83,-2.45,-3.08,-3.02,-2.59,-3.08
589944000000000000,Neutral,-9.00,-9.11,-9.08,-8.40,-9.24,-9.10,-9.12,-9.38,-9.16,-9.23,-9.06,-9.19,-9.25
589945000000000000,Worry,-9.00,-8.51,-9.08,-9.30,-8.34,-9.10,-9.12,-9.38,-9.16,-9.23,-8.76,-9.19,-9.25
590168000000000000,Hate,-6.00,-6.07,-6.06,-6.20,-6.16,-5.77,-5.78,-5.95,-5.51,-5.85,-6.04,-6.13,-5.87
590194000000000000,Happiness,-24.00,-23.99,-23.92,-24.50,-24.64,-24.27,-24.01,-23.77,-23.54,-21.91,-24.17,-23.90,-24.08
590217000000000000,Hate,-35.99,-36.13,-36.34,-36.00,-35.75,-35.63,-35.69,-35.68,-32.87,-35.38,-35.95,-35.98,-36.42
590302000000000000,Relief,-15.00,-15.18,-14.66,-15.50,-14.92,-15.17,-14.72,-15.34,-14.97,-14.91,-14.80,-13.64,-15.12
590306000000000000,Fun,-8.10,-9.11,-9.08,-8.70,-9.24,-9.10,-8.81,-8.78,-9.16,-8.93,-9.06,-9.19,-8.95
590315000000000000,Neutral,-21.00,-21.25,-21.20,-18.77,-21.26,-20.94,-20.97,-20.89,-21.08,-21.07,-20.84,-20.97,-20.82
590327000000000000,Fun,-6.00,-5.60,-5.76,-5.90,-6.16,-5.77,-5.78,-5.48,-5.81,-5.55,-5.74,-5.83,-5.39
590335000000000000,Neutral,-6.00,-6.07,-6.06,-5.60,-6.16,-6.07,-6.08,-6.26,-6.11,-5.68,-6.04,-6.13,-6.17
590550000000000000,Boredom,-29.69,-29.76,-30.28,-29.75,-30.02,-29.56,-30.09,-30.02,-29.77,-29.87,-27.20,-29.73,-29.77
590588000000000000,No Words Found,
590589000000000000,Love,-15.00,-15.18,-14.54,-15.50,-15.40,-15.17,-13.51,-15.34,-15.27,-15.39,-15.10,-15.02,-15.12
590696000000000000,Neutral,-27.00,-26.55,-26.65,-24.14,-26.42,-27.00,-26.87,-25.87,-26.89,-26.10,-27.19,-26.97,-26.99
590697000000000000,No Words Found,
590718000000000000,Relief,-9.00,-9.11,-9.08,-8.83,-9.24,-8.62,-8.81,-9.38,-9.16,-8.93,-8.76,-7.81,-8.78
590719000000000000,Relief,-24.00,-24.29,-24.23,-24.20,-24.04,-24.27,-24.01,-25.02,-24.44,-24.62,-24.17,-22.10,-24.68
590720000000000000,No Words Found,
590835000000000000,Anger,-3.00,-3.04,-3.03,-3.10,-2.78,-3.03,-3.04,-3.13,-3.05,-3.08,-3.02,-3.06,-2.78
590996000000000000,Anger,-12.00,-11.37,-12.11,-11.80,-12.32,-12.14,-11.85,-11.73,-11.92,-12.31,-11.78,-12.25,-10.96
591000000000000000,Happiness,-21.00,-20.65,-20.90,-21.40,-20.30,-20.76,-20.79,-21.29,-21.38,-19.26,-20.54,-21.14,-20.69
591021000000000000,Anger,-12.00,-12.14,-12.11,-12.40,-11.72,-11.53,-12.15,-12.51,-12.22,-11.83,-12.08,-12.25,-10.96
591028000000000000,Worry,-21.00,-20.95,-20.90,-21.40,-19.45,-21.24,-20.97,-21.89,-21.38,-21.54,-21.15,-21.44,-20.82
591052000000000000,Fun,-11.70,-12.14,-11.81,-11.80,-12.02,-11.36,-11.46,-10.70,-11.62,-11.53,-12.08,-12.25,-11.86
591445000000000000,Worry,-15.00,-15.18,-15.14,-15.20,-13.72,-15.17,-15.19,-15.34,-15.27,-15.39,-15.10,-15.32,-15.12
591563000000000000,Fun,-3.00,-2.43,-2.55,-2.32,-2.48,-2.73,-2.56,-2.22,-2.45,-2.38,-2.54,-2.76,-2.31
591753000000000000,Happiness,-18.00,-18.22,-18.17,-17.53,-18.18,-18.20,-18.23,-18.16,-17.43,-16.13,-18.12,-18.38,-17.43
591769000000000000,Anger,-3.00,-3.04,-2.73,-3.10,-3.08,-3.03,-2.74,-2.65,-2.75,-2.60,-3.02,-3.06,-2.48
591770000000000000,Hate,-15.00,-14.58,-14.66,-14.12,-14.02,-14.57,-14.72,-14.13,-13.29,-14.09,-14.63,-14.71,-14.35
591771000000000000,Neutral,-6.00,-5.77,-6.06,-5.42,-5.68,-6.07,-6.08,-5.78,-5.63,-5.55,-5.74,-6.13,-5.87
591772000000000000,Neutral,-9.00,-8.51,-8.78,-7.92,-8.16,-8.62,-8.04,-8.78,-9.16,-8.46,-8.16,-8.29,-8.18
591773000000000000,Happiness,-3.00,-3.04,-3.03,-2.80,-2.60,-3.03,-3.04,-3.13,-2.75,-2.48,-3.02,-3.06,-3.08
591777000000000000,Surprise,-9.00,-9.11,-8.78,-9.30,-9.24,-8.20,-9.12,-9.38,-9.16,-9.23,-9.06,-9.19,-9.25
591782000000000000,Fun,-5.70,-6.07,-5.76,-5.90,-6.16,-5.77,-5.38,-5.18,-5.81,-5.85,-6.04,-6.13,-5.39
591785000000000000,Fun,-3.00,-3.04,-3.03,-3.10,-3.08,-3.03,-2.74,-2.83,-3.05,-2.78,-3.02,-2.76,-3.08
591786000000000000,Anger,-24.00,-24.29,-24.23,-23.85,-23.26,-23.79,-24.01,-23.82,-23.84,-23.54,-23.87,-24.21,-21.14
591787000000000000,Worry,-15.00,-15.18,-15.14,-15.50,-13.59,-14.87,-14.89,-15.64,-14.80,-15.39,-15.10,-15.32,-14.82
591788000000000000,Hate,-27.00,-27.33,-26.95,-26.23,-25.74,-27.00,-26.75,-27.25,-24.43,-26.75,-27.19,-26.97,-26.38
591790000000000000,Hate,-27.00,-26.72,-27.25,-26.91,-26.82,-27.00,-27.05,-27.55,-24.39,-26.92,-26.89,-27.09,-27.46
591791000000000000,Hate,-18.00,-17.62,-18.17,-17.60,-17.88,-17.90,-17.63,-17.51,-15.87,-18.17,-18.12,-18.08,-18.21
591792000000000000,Anger,-18.00,-17.62,-17.21,-16.27,-16.45,-17.42,-17.28,-15.96,-17.13,-16.69,-16.14,-17.60,-15.27
591998000000000000,Sadness,-15.00,-13.50,-14.84,-15.50,-15.40,-15.17,-14.89,-15.04,-14.97,-15.09,-15.10,-15.02,-15.12
591999000000000000,Fun,-3.00,-2.74,-3.03,-3.10,-3.08,-3.03,-3.04,-3.13,-3.05,-3.08,-3.02,-3.06,-3.08
592163000000000000,Love,-6.00,-6.07,-6.06,-6.20,-6.16,-6.07,-5.48,-6.26,-6.11,-6.16,-6.04,-6.13,-6.17
592166000000000000,Fun,-6.00,-5.47,-5.58,-5.42,-5.56,-5.77,-5.60,-5.35,-5.21,-5.46,-5.56,-5.83,-5.39
592373000000000000,Sadness,-15.00,-13.32,-15.14,-14.60,-15.40,-15.17,-14.89,-14.68,-14.97,-14.49,-14.80,-15.02,-14.65
592542000000000000,Fun,-3.00,-3.04,-3.03,-3.10,-3.08,-2.73,-3.04,-3.13,-3.05,-3.08,-3.02,-3.06,-3.08
592551000000000000,Anger,-21.00,-20.65,-20.12,-20.63,-20.96,-20.94,-20.79,-20.39,-20.78,-20.54,-20.67,-21.14,-19.01
592819000000000000,Happiness,-6.00,-6.07,-6.06,-6.20,-6.16,-6.07,-6.08,-6.26,-5.81,-5.55,-6.04,-6.13,-6.17
592823000000000000,Neutral,-30.00,-30.36,-30.28,-27.47,-29.84,-29.86,-30.39,-29.77,-30.25,-30.48,-29.91,-30.63,-29.47
592824000000000000,Relief,-18.00,-18.22,-18.17,-17.70,-17.88,-18.20,-17.75,-17.69,-17.85,-17.69,-18.12,-16.40,-18.51
592825000000000000,Neutral,-15.00,-15.18,-15.14,-13.70,-15.10,-15.17,-14.41,-15.34,-14.50,-14.61,-15.10,-14.84,-15.42
592835000000000000,Neutral,-9.00,-8.51,-9.08,-7.40,-8.94,-9.10,-7.74,-8.30,-7.48,-8.46,-9.06,-7.93,-9.25
592839000000000000,Happiness,-33.00,-32.92,-32.71,-32.85,-32.88,-33.07,-32.95,-32.72,-33.00,-29.67,-33.23,-33.09,-32.25
592845000000000000,Sadness,-35.69,-31.87,-35.26,-35.53,-35.58,-36.10,-35.51,-35.07,-36.06,-34.85,-34.87,-34.95,-35.16
592846000000000000,Anger,-9.00,-8.51,-8.31,-8.05,-8.16,-8.32,-8.64,-7.58,-8.26,-8.23,-8.28,-8.89,-7.40
592847000000000000,Hate,-9.00,-9.11,-9.08,-9.30,-9.24,-9.10,-9.12,-9.08,-8.26,-9.23,-9.06,-9.19,-9.25
592848000000000000,Worry,-15.00,-14.88,-14.66,-15.50,-13.72,-15.17,-14.72,-15.34,-14.97,-14.61,-14.80,-14.54,-15.12
592849000000000000,Worry,-3.00,-3.04,-3.03,-3.10,-2.78,-3.03,-3.04,-3.13,-3.05,-3.08,-3.02,-3.06,-3.08
592850000000000000,Love,-15.00,-15.18,-14.84,-14.90,-15.40,-15.17,-14.11,-15.04,-14.80,-14.91,-15.10,-15.02,-15.42
592851000000000000,Anger,-3.00,-3.04,-3.03,-3.10,-2.78,-3.03,-3.04,-3.13,-3.05,-3.08,-3.02,-3.06,-2.78
592852000000000000,Neutral,-3.00,-3.04,-3.03,-2.50,-2.48,-3.03,-2.74,-2.83,-3.05,-2.78,-2.72,-3.06,-2.78
592854000000000000,Fun,-15.00,-15.18,-15.14,-14.90,-15.10,-15.17,-14.59,-14.16,-14.80,-15.09,-15.10,-15.32,-15.12
592862000000000000,Neutral,-6.00,-6.07,-6.06,-5.60,-6.16,-6.07,-6.08,-6.26,-6.11,-6.16,-6.04,-6.13,-6.17
592864000000000000,Neutral,-12.00,-12.14,-11.81,-11.15,-12.32,-11.66,-11.85,-12.21,-12.22,-11.53,-11.78,-11.65,-11.86
592889000000000000,Fun,-23.70,-23.69,-23.92,-23.60,-24.04,-23.97,-24.01,-22.56,-23.54,-24.32,-23.56,-23.43,-24.08
592890000000000000,Fun,-6.00,-6.07,-6.06,-5.90,-5.68,-6.07,-6.08,-5.26,-6.11,-6.16,-5.74,-6.13,-5.57
592891000000000000,Relief,-5.70,-5.77,-5.76,-6.20,-5.86,-5.77,-6.08,-6.26,-5.81,-5.85,-6.04,-5.35,-5.87
592908000000000000,Hate,-12.00,-11.84,-11.81,-11.10,-12.02,-12.14,-10.77,-11.26,-10.54,-10.93,-12.08,-11.17,-12.34
593162000000000000,Fun,-3.00,-2.56,-2.73,-2.80,-3.08,-3.03,-3.04,-2.65,-3.05,-2.78,-2.72,-2.76,-2.61
593247000000000000,Neutral,-3.00,-3.04,-3.03,-2.80,-3.08,-2.73,-3.04,-3.13,-3.05,-3.08,-3.02,-2.76,-3.08
593426000000000000,Fun,-6.00,-6.07,-5.76,-6.20,-6.16,-5.77,-5.48,-5.95,-5.81,-5.85,-6.04,-6.13,-5.87
593444000000000000,Happiness,-12.00,-11.84,-11.33,-12.10,-11.84,-12.14,-11.38,-11.91,-11.92,-11.06,-11.48,-11.48,-11.74
593448000000000000,Anger,-24.00,-23.99,-23.15,-23.90,-23.86,-23.97,-23.23,-24.24,-24.14,-23.07,-23.87,-24.03,-23.00
593449000000000000,Fun,-3.00,-3.04,-3.03,-3.10,-3.08,-3.03,-3.04,-3.13,-3.05,-3.08,-2.72,-3.06,-3.08
593454000000000000,Fun,-3.00,-3.04,-2.55,-2.80,-2.78,-2.73,-2.74,-2.83,-2.75,-3.08,-3.02,-2.76,-2.78
