1109198095852730000,0,0,0,0,0,0,0,0,0,1,0,0,0
1106676484205360000,0,0,0,0,0,0,0,0,0,1,0,0,0
1106344285425880000,0,1,0,0,0,0,0,0,0,0,0,0,0
1105966839119730000,0,0,1,0,0,0,0,0,0,0,0,0,0
1104517241800970000,0,0,1,0,0,0,0,0,0,0,0,0,0
1104502178767600000,0,0,1,0,0,0,0,0,0,0,0,0,0
1103514463515240000,0,0,1,0,0,0,0,0,0,0,0,0,0
1103511017680560000,0,0,1,0,0,0,0,0,0,0,0,0,0
1092521019997170000,0,0,1,0,0,0,0,0,0,0,0,0,0
1071177728974560000,0,0,1,0,0,0,0,0,0,0,0,0,0
1071017642767470000,0,0,0,0,0,0,0,0,0,0,0,1,0
1071016777100910000,0,0,0,0,0,0,0,0,0,1,0,0,0
1062080559046750000,0,0,0,0,0,0,1,0,0,0,0,0,0
1058083837995990000,0,0,0,0,0,0,0,0,0,1,0,0,0
1045795451025440000,0,0,0,0,0,0,0,0,0,1,0,0,0
1045448896393220000,0,0,0,0,0,0,0,0,0,1,0,0,0
1042518855107710000,0,0,1,0,0,0,0,0,0,0,0,0,0
1028053436254900000,0,0,0,0,0,1,0,0,0,0,0,0,0
1027555171969250000,0,0,1,0,0,0,0,0,0,0,0,0,0
1025148804880680000,0,0,0,1,0,0,0,0,0,0,0,0,0
1019023895456890000,0,0,0,0,0,0,0,0,0,0,0,1,0
1018930619214990000,0,0,1,0,0,0,0,0,0,0,0,0,0
1018918171799980000,0,0,0,0,0,0,1,0,0,0,0,0,0
1017891464569930000,0,0,1,0,0,0,0,0,0,0,0,0,0
1009613911388110000,0,1,0,0,0,0,0,0,0,0,0,0,0
1009613324890160000,0,1,0,0,0,0,0,0,0,0,0,0,0
1008409070095810000,0,0,1,0,0,0,0,0,0,0,0,0,0
994441931563438000,0,0,0,0,0,0,0,0,0,1,0,0,0
991423506914066000,0,0,1,0,0,0,0,0,0,0,0,0,0
989262831966150000,0,0,1,0,0,0,0,0,0,0,0,0,0
987783072564342000,0,0,1,0,0,0,0,0,0,0,0,0,0
984899074733346000,0,0,1,0,0,0,0,0,0,0,0,0,0
984798058222256000,0,0,0,0,0,0,0,0,0,1,0,0,0
984541981773893000,0,0,1,0,0,0,0,0,0,0,0,0,0
983791402235543000,0,0,1,0,0,0,0,0,0,0,0,0,0
977319174082060000,0,0,0,0,0,0,0,0,0,1,0,0,0
977233688961282000,0,0,0,0,0,0,0,0,0,1,0,0,0
977026117239324000,0,0,0,0,0,0,0,0,0,1,0,0,0
973785808791592000,0,0,0,0,0,0,0,0,0,1,0,0,0
969013466076868000,0,0,1,0,0,0,0,0,0,0,0,0,0
956663019643330000,0,0,1,0,0,0,0,0,0,0,0,0,0
956300621514199000,0,0,1,0,0,0,0,0,0,0,0,0,0
954488746006712000,0,0,0,0,1,0,0,0,0,0,0,0,0
954446286060580000,0,0,1,0,0,0,0,0,0,0,0,0,0
952237426063196000,0,0,0,0,0,0,0,0,0,1,0,0,0
942439290885296000,0,0,0,0,0,0,0,0,0,0,0,1,0
937018544574910000,0,0,1,0,0,0,0,0,0,0,0,0,0
936709555374850000,0,0,0,0,0,0,0,0,0,0,0,1,0
930485138365935000,0,0,0,1,0,0,0,0,0,0,0,0,0
927955886110212000,0,0,0,0,0,0,0,1,0,0,0,0,0
924018126374817000,0,0,0,0,0,0,0,0,0,1,0,0,0
921133870472466000,0,0,1,0,0,0,0,0,0,0,0,0,0
918587107710353000,0,0,0,0,0,0,0,0,0,1,0,0,0
918587034645626000,0,0,0,1,0,0,0,0,0,0,0,0,0
916739922308091000,0,0,0,0,0,0,0,0,0,0,0,1,0
913086855523921000,0,0,0,0,0,0,0,0,0,1,0,0,0
911666514155261000,0,0,0,0,0,0,0,0,0,1,0,0,0
911267776513187000,0,0,0,0,0,0,0,1,0,0,0,0,0
905853631865307000,0,0,0,0,0,1,0,0,0,0,0,0,0
905502611901689000,0,0,1,0,0,0,0,0,0,0,0,0,0
900870347964248000,0,0,0,0,0,0,0,0,0,1,0,0,0
896144212869095000,0,0,0,0,0,0,0,1,0,0,0,0,0
895025994507010000,0,0,0,0,0,0,0,1,0,0,0,0,0
890644207257255000,0,0,0,0,0,0,0,0,0,1,0,0,0
889183357141225000,0,0,0,0,0,0,0,0,0,1,0,0,0
887803937423622000,0,0,0,0,0,0,0,0,0,1,0,0,0
884476421036417000,0,1,0,0,0,0,0,0,0,0,0,0,0
883381349721161000,0,0,1,0,0,0,0,0,0,0,0,0,0
883107707993051000,0,0,1,0,0,0,0,0,0,0,0,0,0
883037505615831000,0,0,1,0,0,0,0,0,0,0,0,0,0
877315139808223000,0,0,0,0,0,1,0,0,0,0,0,0,0
874716845567205000,0,0,0,0,0,0,0,0,0,1,0,0,0
872300902123753000,0,0,0,0,0,0,0,0,0,1,0,0,0
872259333504983000,0,0,0,0,0,0,0,0,0,1,0,0,0
872239607659851000,0,0,0,0,0,0,0,0,0,1,0,0,0
870388400624328000,0,0,0,0,0,0,0,0,0,1,0,0,0
857823741614505000,0,0,1,0,0,0,0,0,0,0,0,0,0
852926221956464000,0,0,0,0,0,0,0,0,0,1,0,0,0
847223848629977000,0,0,0,1,0,0,0,0,0,0,0,0,0
842428547968905000,0,0,0,0,0,0,0,0,0,1,0,0,0
841142470083731000,0,0,0,0,0,0,0,0,0,1,0,0,0
840777004991557000,0,0,0,0,0,0,0,0,0,1,0,0,0
818573982588751000,0,0,0,0,1,0,0,0,0,0,0,0,0
783039727775592000,0,0,0,0,0,0,0,1,0,0,0,0,0
782278954644221000,0,0,0,0,0,0,0,0,0,1,0,0,0
766296064022360000,0,0,0,0,0,0,0,0,0,1,0,0,0
756921957212315000,0,0,0,0,0,0,0,0,0,1,0,0,0
752630358517043000,0,0,1,0,0,0,0,0,0,0,0,0,0
742768851142639000,0,0,0,0,0,0,0,0,0,1,0,0,0
723736638275366000,0,0,0,0,0,0,0,0,0,1,0,0,0
718136361438437000,0,0,0,0,0,0,0,0,0,1,0,0,0
700441260532695000,1,0,0,0,0,0,0,0,0,0,0,0,0
695749040529633000,0,0,0,0,0,1,0,0,0,0,0,0,0
689203737483558000,0,0,0,0,0,0,0,0,0,1,0,0,0
688176406447013000,0,0,0,0,0,0,0,0,0,1,0,0,0
663102358625214000,0,0,0,0,0,0,0,0,0,1,0,0,0
659092898835599000,0,0,0,0,0,0,0,0,0,1,0,0,0
643885790703910000,0,0,1,0,0,0,0,0,0,0,0,0,0
643872651623202000,0,0,0,0,0,0,0,0,0,1,0,0,0
641723988268347000,0,0,0,0,0,0,0,0,0,1,0,0,0
634527518360535000,0,0,0,0,0,0,0,0,0,1,0,0,0
634388574373220000,0,0,1,0,0,0,0,0,0,0,0,0,0
633380138525130000,0,0,0,1,0,0,0,0,0,0,0,0,0
629937429286260000,0,0,1,0,0,0,0,0,0,0,0,0,0
627512352750108000,0,0,0,0,0,0,0,0,0,1,0,0,0
627370465959383000,0,1,0,0,0,0,0,0,0,0,0,0,0
627370090216861000,0,0,1,0,0,0,0,0,0,0,0,0,0
627359609154506000,0,0,0,0,0,0,0,0,0,1,0,0,0
627359041249935000,0,0,1,0,0,0,0,0,0,0,0,0,0
627358399106187000,0,0,0,0,0,0,0,0,0,1,0,0,0
627357832594075000,0,1,0,0,0,0,0,0,0,0,0,0,0
627356849860296000,0,0,0,0,0,0,0,0,0,1,0,0,0
627355733969874000,0,0,0,0,0,0,0,0,0,1,0,0,0
627355621982015000,0,0,0,0,0,0,0,0,0,1,0,0,0
627355313063092000,0,0,0,0,0,1,0,0,0,0,0,0,0
627354350428401000,0,0,0,1,0,0,0,0,0,0,0,0,0
627352725747974000,0,0,0,0,0,0,0,1,0,0,0,0,0
627352276219265000,0,0,0,0,0,1,0,0,0,0,0,0,0
627351723011473000,0,0,0,0,0,0,0,0,0,1,0,0,0
627347001579941000,0,0,0,0,0,0,0,0,0,1,0,0,0
627344400763351000,0,0,1,0,0,0,0,0,0,0,0,0,0
627321101949886000,0,0,1,0,0,0,0,0,0,0,0,0,0
627314794777808000,0,0,0,1,0,0,0,0,0,0,0,0,0
627314677303762000,0,0,0,0,0,0,0,0,0,1,0,0,0
627313227626475000,0,0,0,0,0,0,0,0,0,1,0,0,0
627312752248238000,0,0,0,0,0,0,0,0,0,1,0,0,0
627312457619353000,0,0,0,0,0,0,0,1,0,0,0,0,0
627312183634833000,0,0,0,0,0,0,0,1,0,0,0,0,0
627312036578332000,0,0,1,0,0,0,0,0,0,0,0,0,0
627311930563149000,0,0,0,0,0,0,0,0,0,1,0,0,0
627311279565189000,0,0,0,0,0,0,0,0,0,1,0,0,0
627310574750203000,0,0,0,0,0,0,1,0,0,0,0,0,0
627309633334423000,0,0,0,0,0,0,0,0,0,1,0,0,0
627309190755684000,0,0,0,1,0,0,0,0,0,0,0,0,0
627308939764314000,0,0,0,0,0,0,0,0,0,1,0,0,0
627308561169682000,0,0,0,0,0,0,0,0,0,1,0,0,0
627308318596304000,0,0,1,0,0,0,0,0,0,0,0,0,0
627308078422069000,0,0,0,1,0,0,0,0,0,0,0,0,0
627307900050878000,0,0,0,0,0,0,0,0,0,1,0,0,0
627307347912736000,0,0,0,0,0,0,0,0,0,1,0,0,0
627304861269241000,0,0,1,0,0,0,0,0,0,0,0,0,0
627282744159023000,0,0,1,0,0,0,0,0,0,0,0,0,0
627277211121221000,0,0,1,0,0,0,0,0,0,0,0,0,0
626906803121557000,0,0,1,0,0,0,0,0,0,0,0,0,0
625062980091117000,0,0,0,0,0,0,0,0,0,1,0,0,0
624820939910283000,0,0,0,0,0,0,0,0,0,1,0,0,0
624817594785107000,0,0,0,0,0,0,0,0,0,1,0,0,0
624816083153743000,0,0,0,0,0,0,0,0,0,1,0,0,0
624814879048765000,0,0,1,0,0,0,0,0,0,0,0,0,0
624814407223148000,0,0,1,0,0,0,0,0,0,0,0,0,0
624779253163233000,0,0,0,0,0,0,0,0,0,1,0,0,0
624777856791416000,0,0,0,0,0,0,0,0,0,1,0,0,0
624776046630440000,0,0,1,0,0,0,0,0,0,0,0,0,0
624772663051857000,0,0,1,0,0,0,0,0,0,0,0,0,0
624771714249928000,0,0,0,1,0,0,0,0,0,0,0,0,0
624771412041973000,0,0,0,0,0,0,0,0,0,1,0,0,0
624771286347067000,0,0,1,0,0,0,0,0,0,0,0,0,0
624770944221888000,0,0,0,0,0,0,0,0,0,1,0,0,0
624770862684573000,0,0,0,0,0,0,0,0,0,1,0,0,0
624770703418527000,0,0,1,0,0,0,0,0,0,0,0,0,0
624770222281469000,0,0,1,0,0,0,0,0,0,0,0,0,0
624769491075858000,0,0,0,0,0,0,0,0,0,1,0,0,0
624769317503012000,0,0,1,0,0,0,0,0,0,0,0,0,0
624768832658235000,0,0,0,0,0,0,0,0,0,1,0,0,0
624767136364244000,0,0,1,0,0,0,0,0,0,0,0,0,0
624753499142688000,0,0,0,0,0,0,0,0,0,1,0,0,0
624685510380748000,0,0,1,0,0,0,0,0,0,0,0,0,0
624353323932475000,0,0,1,0,0,0,0,0,0,0,0,0,0
623583286112063000,0,0,0,0,0,0,0,0,0,1,0,0,0
622898101641023000,0,0,0,0,0,0,0,0,0,1,0,0,0
622897768114188000,0,0,0,0,0,0,0,0,0,1,0,0,0
622895107902083000,0,0,1,0,0,0,0,0,0,0,0,0,0
622285682342432000,0,0,0,0,0,0,0,0,0,1,0,0,0
622285195710894000,0,0,1,0,0,0,0,0,0,0,0,0,0
622284979976867000,0,0,1,0,0,0,0,0,0,0,0,0,0
622284569526439000,0,0,0,0,0,0,0,0,0,0,0,0,1
622283178410008000,0,0,0,0,0,0,0,0,0,1,0,0,0
622282502137249000,0,0,0,1,0,0,0,0,0,0,0,0,0
622282353247830000,0,0,0,1,0,0,0,0,0,0,0,0,0
622281669181976000,0,0,0,0,0,0,0,0,0,1,0,0,0
622281016145612000,0,0,0,0,0,0,0,0,0,1,0,0,0
622280730761039000,0,0,0,0,0,1,0,0,0,0,0,0,0
622280545699926000,0,0,0,0,0,0,0,0,0,1,0,0,0
622279833154752000,0,0,0,0,0,1,0,0,0,0,0,0,0
622279597363572000,0,0,1,0,0,0,0,0,0,0,0,0,0
622279002305069000,0,0,0,0,0,1,0,0,0,0,0,0,0
622278524246724000,0,0,0,0,0,0,0,0,0,1,0,0,0
622278204691066000,0,0,0,0,0,1,0,0,0,0,0,0,0
622277782236585000,0,0,0,1,0,0,0,0,0,0,0,0,0
622276865990889000,0,0,0,0,0,0,0,0,0,1,0,0,0
622276733966782000,0,0,0,0,0,0,0,0,0,1,0,0,0
622276615238651000,0,0,0,0,0,0,0,0,0,1,0,0,0
622276424360030000,0,0,0,0,0,0,0,0,0,1,0,0,0
622275901615575000,0,0,0,0,0,1,0,0,0,0,0,0,0
622271064584798000,0,0,0,0,0,1,0,0,0,0,0,0,0
622271023627370000,0,0,1,0,0,0,0,0,0,0,0,0,0
622266256029167000,0,0,0,1,0,0,0,0,0,0,0,0,0
622259546493333000,0,0,1,0,0,0,0,0,0,0,0,0,0
622250228645695000,0,0,0,0,0,0,0,0,0,1,0,0,0
622250111658102000,0,0,0,0,0,0,0,0,0,1,0,0,0
622249885786439000,0,0,0,0,0,0,0,0,0,1,0,0,0
622249780903686000,0,0,0,0,0,0,0,0,0,1,0,0,0
622242171471572000,0,0,0,0,0,0,0,0,0,1,0,0,0
622240479602577000,0,0,0,0,0,0,0,0,0,1,0,0,0
622240116174557000,0,0,0,0,0,0,0,0,0,1,0,0,0
622239597636902000,0,0,1,0,0,0,0,0,0,0,0,0,0
622238995662024000,0,0,0,0,1,0,0,0,0,0,0,0,0
622238261684015000,0,0,0,0,0,1,0,0,0,0,0,0,0
622237918640279000,0,0,0,0,0,0,0,0,0,1,0,0,0
622237360789438000,0,0,0,1,0,0,0,0,0,0,0,0,0
622236896945553000,0,0,0,1,0,0,0,0,0,0,0,0,0
622235908851417000,0,0,0,0,1,0,0,0,0,0,0,0,0
622235267806597000,0,0,0,0,0,0,0,0,0,0,0,1,0
622235124818575000,0,0,0,0,0,0,0,0,0,1,0,0,0
622234886590468000,0,0,0,0,0,0,0,0,0,1,0,0,0
622234099831304000,0,0,0,0,0,0,0,0,0,1,0,0,0
622233761816535000,0,0,0,0,0,0,0,0,0,1,0,0,0
622233418747658000,0,0,0,0,0,0,0,0,0,1,0,0,0
622232847596720000,0,1,0,0,0,0,0,0,0,0,0,0,0
622232294460276000,0,0,1,0,0,0,0,0,0,0,0,0,0
622209195719311000,0,0,1,0,0,0,0,0,0,0,0,0,0
622148374423142000,0,0,1,0,0,0,0,0,0,0,0,0,0
622118632168927000,0,0,1,0,0,0,0,0,0,0,0,0,0
622012632862556000,0,0,1,0,0,0,0,0,0,0,0,0,0
621801520850317000,0,0,1,0,0,0,0,0,0,0,0,0,0
621502676748992000,0,0,0,0,0,0,0,0,0,1,0,0,0
621439108871684000,0,0,1,0,0,0,0,0,0,0,0,0,0
621069246454325000,0,0,1,0,0,0,0,0,0,0,0,0,0
620653164274909000,0,0,0,0,0,0,0,0,0,1,0,0,0
620650043599536000,0,0,0,0,0,0,0,0,0,1,0,0,0
619749427159285000,0,0,0,0,0,0,0,0,0,1,0,0,0
619748428784873000,0,0,0,0,1,0,0,0,0,0,0,0,0
619748304327278000,0,0,0,0,0,0,0,0,0,1,0,0,0
619747909488111000,0,0,0,1,0,0,0,0,0,0,0,0,0
619747664142315000,0,0,0,0,0,0,0,0,0,1,0,0,0
619746710487629000,0,0,0,0,0,1,0,0,0,0,0,0,0
619745463453921000,0,0,1,0,0,0,0,0,0,0,0,0,0
619744809004044000,0,0,1,0,0,0,0,0,0,0,0,0,0
619744479952572000,0,0,0,0,0,1,0,0,0,0,0,0,0
619744332350820000,0,0,0,0,0,1,0,0,0,0,0,0,0
619743579364167000,0,0,0,0,0,0,0,0,0,1,0,0,0
619743156653797000,0,0,0,0,0,0,0,0,0,1,0,0,0
619742668499726000,0,0,0,0,0,0,0,0,0,1,0,0,0
619742292484603000,0,0,0,0,0,0,0,0,0,1,0,0,0
619741968956944000,0,0,1,0,0,0,0,0,0,0,0,0,0
619741878892670000,0,0,0,0,0,1,0,0,0,0,0,0,0
619740176093294000,0,0,1,0,0,0,0,0,0,0,0,0,0
619740157839671000,0,0,0,0,0,0,0,0,0,1,0,0,0
619735979511803000,0,0,0,0,0,0,0,0,0,1,0,0,0
619735307219406000,0,0,0,0,0,0,0,0,0,1,0,0,0
619735103346900000,0,0,0,0,0,0,0,0,0,1,0,0,0
619733927213690000,0,0,0,0,0,0,0,0,0,1,0,0,0
619733248998944000,0,0,0,0,0,0,0,0,0,1,0,0,0
619732938897231000,0,0,0,0,0,0,0,0,0,1,0,0,0
619732684168826000,0,0,0,0,0,0,0,0,0,1,0,0,0
619732392148729000,0,0,0,0,0,0,0,0,0,1,0,0,0
619728431798878000,0,0,0,0,0,0,0,0,0,1,0,0,0
619725553352884000,0,0,1,0,0,0,0,0,0,0,0,0,0
619720178981429000,0,0,1,0,0,0,0,0,0,0,0,0,0
619719582819856000,0,0,1,0,0,0,0,0,0,0,0,0,0
619620819891720000,0,0,1,0,0,0,0,0,0,0,0,0,0
619620592447152000,0,0,0,0,0,1,0,0,0,0,0,0,0
619620336921788000,0,0,0,0,0,0,0,0,0,1,0,0,0
619618830994812000,0,0,0,0,1,0,0,0,0,0,0,0,0
619618707329826000,0,0,0,0,0,0,0,0,0,1,0,0,0
619618663339982000,0,0,0,0,0,0,0,0,0,1,0,0,0
619618615973711000,0,0,0,0,0,0,0,0,0,1,0,0,0
619551576479281000,0,0,0,0,0,0,0,0,0,1,0,0,0
619260732148858000,0,0,0,0,0,1,0,0,0,0,0,0,0
619249708981092000,0,0,1,0,0,0,0,0,0,0,0,0,0
618902400640749000,0,1,0,0,0,0,0,0,0,0,0,0,0
618491807224082000,0,0,1,0,0,0,0,0,0,0,0,0,0
618145855208493000,0,0,1,0,0,0,0,0,0,0,0,0,0
617078937768718000,0,0,0,0,0,1,0,0,0,0,0,0,0
617045148799668000,0,0,1,0,0,0,0,0,0,0,0,0,0
616661534014619000,0,0,0,0,0,0,0,0,0,1,0,0,0
616298777859612000,0,0,1,0,0,0,0,0,0,0,0,0,0
616012191888596000,0,0,1,0,0,0,0,0,0,0,0,0,0
615904695882616000,0,0,0,0,0,0,0,0,0,1,0,0,0
615640902707490000,0,0,1,0,0,0,0,0,0,0,0,0,0
615639401217961000,0,0,1,0,0,0,0,0,0,0,0,0,0
614870821727678000,0,0,1,0,0,0,0,0,0,0,0,0,0
614583928293167000,0,0,0,0,0,0,0,0,0,1,0,0,0
612334118374739000,0,0,1,0,0,0,0,0,0,0,0,0,0
608697987045298000,0,0,1,0,0,0,0,0,0,0,0,0,0
607658354576531000,0,0,0,1,0,0,0,0,0,0,0,0,0
607653656771489000,0,0,1,0,0,0,0,0,0,0,0,0,0
603420382708699000,0,0,1,0,0,0,0,0,0,0,0,0,0
603304682363031000,0,0,1,0,0,0,0,0,0,0,0,0,0
601507776590786000,0,0,0,0,0,0,0,0,0,1,0,0,0
600703367896289000,0,0,1,0,0,0,0,0,0,0,0,0,0
598638495033270000,0,0,0,0,0,0,0,0,0,1,0,0,0
598199418282647000,0,0,0,0,0,0,0,0,0,1,0,0,0
596087105995964000,0,0,1,0,0,0,0,0,0,0,0,0,0
594232666641211000,0,0,0,0,0,0,0,0,0,1,0,0,0
590636152589287000,0,0,1,0,0,0,0,0,0,0,0,0,0
590256566500077000,0,0,0,0,0,0,0,0,0,1,0,0,0
589248643242164000,0,0,1,0,0,0,0,0,0,0,0,0,0
588810297810427000,0,0,0,0,0,0,0,0,0,1,0,0,0
588497021004222000,0,0,1,0,0,0,0,0,0,0,0,0,0
588414244565073000,0,0,0,0,0,0,0,0,0,1,0,0,0
588353317522145000,0,0,0,0,0,0,0,0,0,1,0,0,0
588069347014397000,0,0,0,0,0,0,0,0,0,1,0,0,0
587323624324857000,0,0,0,0,0,0,0,0,0,1,0,0,0
586628496983719000,0,0,0,0,0,0,0,0,0,1,0,0,0
586368075546501000,0,0,0,0,0,0,0,0,0,1,0,0,0
583378322802900000,0,0,0,0,0,0,0,0,0,1,0,0,0
581577369007169000,0,0,0,0,0,0,0,0,0,1,0,0,0
580473185382109000,0,0,0,0,0,0,0,0,0,1,0,0,0
578968912663965000,0,0,0,0,0,0,0,0,0,1,0,0,0
577613010044325000,0,0,1,0,0,0,0,0,0,0,0,0,0
573264167567691000,0,0,1,0,0,0,0,0,0,0,0,0,0
573173586711601000,0,0,1,0,0,0,0,0,0,0,0,0,0
572864047965589000,0,0,1,0,0,0,0,0,0,0,0,0,0
572818743253864000,0,0,1,0,0,0,0,0,0,0,0,0,0
572813496129220000,0,0,1,0,0,0,0,0,0,0,0,0,0
572599788048293000,0,0,1,0,0,0,0,0,0,0,0,0,0
572546981622505000,0,0,1,0,0,0,0,0,0,0,0,0,0
572124181984350000,0,0,0,0,0,1,0,0,0,0,0,0,0
571746685774254000,0,0,0,0,0,0,0,0,0,1,0,0,0
571429587764191000,0,0,0,0,0,1,0,0,0,0,0,0,0
571420402687176000,0,0,0,0,0,0,0,0,0,1,0,0,0
571384289109024000,0,0,0,0,0,1,0,0,0,0,0,0,0
571074737528401000,0,0,1,0,0,0,0,0,0,0,0,0,0
570999239804727000,0,0,1,0,0,0,0,0,0,0,0,0,0
570719927776079000,0,0,1,0,0,0,0,0,0,0,0,0,0
570644441016311000,0,0,1,0,0,0,0,0,0,0,0,0,0
570357711226802000,0,0,0,0,0,1,0,0,0,0,0,0,0
570334860125974000,0,0,1,0,0,0,0,0,0,0,0,0,0
570266940050006000,0,0,0,1,0,0,0,0,0,0,0,0,0
567456426981724000,0,0,0,0,0,0,0,0,0,1,0,0,0
564544192815595000,0,0,1,0,0,0,0,0,0,0,0,0,0
561297837498331000,0,0,0,0,0,0,0,0,0,1,0,0,0
557955622625234000,0,0,0,0,0,0,0,0,0,1,0,0,0
555544977703702000,0,0,0,0,0,0,0,0,0,1,0,0,0
555499693372108000,0,0,0,0,0,0,0,0,0,1,0,0,0
549963997626105000,0,0,0,0,0,0,0,0,0,1,0,0,0
545659632438374000,0,0,0,0,0,0,0,0,0,1,0,0,0
544936978622726000,0,0,0,0,0,0,0,0,0,1,0,0,0
532310295549452000,0,0,0,0,0,0,0,0,0,1,0,0,0
528549524105875000,0,0,0,0,0,0,0,0,0,1,0,0,0
526976661158629000,0,0,1,0,0,0,0,0,0,0,0,0,0
526931357130559000,0,0,1,0,0,0,0,0,0,0,0,0,0
526870966807584000,0,0,1,0,0,0,0,0,0,0,0,0,0
526818116492607000,0,0,0,0,0,1,0,0,0,0,0,0,0
526757709694394000,0,0,1,0,0,0,0,0,0,0,0,0,0
525687532030140000,0,0,0,1,0,0,0,0,0,0,0,0,0
524998645352247000,0,0,0,0,0,0,0,0,0,1,0,0,0
522808661446369000,0,0,0,0,0,0,0,0,0,1,0,0,0
522099511515426000,0,0,0,0,0,0,0,0,0,1,0,0,0
522069325306671000,0,0,1,0,0,0,0,0,0,0,0,0,0
520700399263567000,0,0,0,0,1,0,0,0,0,0,0,0,0
520604706155266000,0,0,1,0,0,0,0,0,0,0,0,0,0
520378182114222000,0,0,1,0,0,0,0,0,0,0,0,0,0
520342154917318000,0,0,1,0,0,0,0,0,0,0,0,0,0
520046587280883000,0,0,0,0,0,0,0,0,0,1,0,0,0
520045526918905000,0,0,1,0,0,0,0,0,0,0,0,0,0
520038433713303000,0,0,0,0,0,0,0,0,0,1,0,0,0
519887938184691000,0,0,0,0,0,0,0,0,0,1,0,0,0
519623214247329000,0,0,0,0,0,1,0,0,0,0,0,0,0
519618219179401000,0,0,0,0,0,0,0,0,0,1,0,0,0
519608200966840000,0,0,1,0,0,0,0,0,0,0,0,0,0
516983164594421000,0,0,0,0,0,0,0,0,0,1,0,0,0
515562997914562000,0,0,0,0,0,0,0,0,0,1,0,0,0
514929301959872000,0,0,1,0,0,0,0,0,0,0,0,0,0
514601226705440000,0,0,0,0,0,0,0,0,0,1,0,0,0
514124410773835000,0,0,1,0,0,0,0,0,0,0,0,0,0
513067726286229000,0,0,0,0,0,0,0,0,0,1,0,0,0
512403777358295000,0,0,1,0,0,0,0,0,0,0,0,0,0
511973434486566000,0,0,0,1,0,0,0,0,0,0,0,0,0
510547881812434000,0,0,0,1,0,0,0,0,0,0,0,0,0
509739915039350000,0,0,0,0,0,0,0,0,0,1,0,0,0
509109013020016000,0,0,0,0,0,0,0,0,0,1,0,0,0
507631535822864000,0,0,0,0,0,0,0,0,0,1,0,0,0
506489840930545000,0,0,1,0,0,0,0,0,0,0,0,0,0
504417914808573000,0,0,1,0,0,0,0,0,0,0,0,0,0
502688054859927000,0,0,0,0,0,0,0,1,0,0,0,0,0
502664210589835000,0,0,0,0,0,0,0,0,0,1,0,0,0
501828399476641000,0,0,0,0,0,0,0,0,0,1,0,0,0
501429186825691000,0,0,1,0,0,0,0,0,0,0,0,0,0
499250801332588000,0,0,1,0,0,0,0,0,0,0,0,0,0
498124385840922000,0,0,0,0,0,0,0,0,0,1,0,0,0
497529190636613000,0,0,1,0,0,0,0,0,0,0,0,0,0
497440825442189000,0,1,0,0,0,0,0,0,0,0,0,0,0
496682780042858000,0,0,1,0,0,0,0,0,0,0,0,0,0
496542924897656000,0,0,0,0,0,0,0,0,0,1,0,0,0
496498779940737000,0,0,0,0,0,0,0,0,0,0,0,1,0
493869314874048000,0,0,0,0,0,0,0,0,0,1,0,0,0
489851241501954000,0,0,0,0,0,0,0,0,0,1,0,0,0
487271617341317000,0,0,1,0,0,0,0,0,0,0,0,0,0
481182499792379000,0,0,1,0,0,0,0,0,0,0,0,0,0
477937396072579000,0,0,0,0,0,0,0,0,0,1,0,0,0
465207950944923000,0,0,1,0,0,0,0,0,0,0,0,0,0
462824033600303000,0,0,1,0,0,0,0,0,0,0,0,0,0
460118251994116000,0,0,1,0,0,0,0,0,0,0,0,0,0
459783689258295000,0,0,0,0,0,0,0,0,0,1,0,0,0
458665159113056000,0,0,0,0,0,0,0,0,0,1,0,0,0
456144995288752000,0,0,0,0,1,0,0,0,0,0,0,0,0
450887700099239000,0,0,0,0,0,1,0,0,0,0,0,0,0
448861085840318000,0,0,0,0,0,0,0,0,0,1,0,0,0
447915870007091000,0,0,0,1,0,0,0,0,0,0,0,0,0
447907528001982000,0,0,0,0,0,0,0,0,0,1,0,0,0
447816773799534000,0,0,0,0,0,1,0,0,0,0,0,0,0
447801423502528000,0,0,0,0,0,0,0,0,0,1,0,0,0
447641418618896000,0,1,0,0,0,0,0,0,0,0,0,0,0
447558858542944000,0,0,0,0,0,0,0,0,0,1,0,0,0
447090195566174000,0,0,0,1,0,0,0,0,0,0,0,0,0
446852038748819000,0,1,0,0,0,0,0,0,0,0,0,0,0
446678485139193000,0,0,1,0,0,0,0,0,0,0,0,0,0
446531889994944000,0,0,0,1,0,0,0,0,0,0,0,0,0
446444598794407000,0,0,0,0,0,0,0,0,0,1,0,0,0
445512682637373000,0,0,0,0,0,0,0,0,0,1,0,0,0
445387133059342000,0,0,0,0,0,0,0,0,0,1,0,0,0
445237350571212000,0,0,1,0,0,0,0,0,0,0,0,0,0
444857608923398000,0,0,0,0,0,0,0,0,0,1,0,0,0
444246840641212000,0,0,0,0,0,0,0,0,0,1,0,0,0
444213433035022000,0,0,0,0,0,0,0,0,0,1,0,0,0
444212460870832000,0,0,0,0,1,0,0,0,0,0,0,0,0
444211798225350000,0,0,0,0,0,0,0,0,0,1,0,0,0
444211279679352000,0,0,0,0,0,0,0,0,0,1,0,0,0
444210345234530000,0,0,0,0,0,0,0,0,0,1,0,0,0
444209343806709000,0,1,0,0,0,0,0,0,0,0,0,0,0
444208731954225000,0,0,0,0,0,0,0,0,0,1,0,0,0
444207021999394000,0,0,0,1,0,0,0,0,0,0,0,0,0
444205514784645000,0,0,0,0,0,0,0,0,0,1,0,0,0
444204069528145000,0,0,0,0,0,0,0,0,0,0,0,1,0
444203402566696000,0,0,0,0,0,0,0,0,0,1,0,0,0
444202384302952000,0,0,0,0,0,0,0,0,0,1,0,0,0
444190949363564000,0,0,0,0,0,0,0,0,0,1,0,0,0
443946848529969000,0,0,1,0,0,0,0,0,0,0,0,0,0
443760962722869000,0,0,1,0,0,0,0,0,0,0,0,0,0
443102261070557000,0,0,0,1,0,0,0,0,0,0,0,0,0
441451414041403000,0,0,1,0,0,0,0,0,0,0,0,0,0
439544258228666000,0,0,1,0,0,0,0,0,0,0,0,0,0
439264363338539000,0,0,0,0,0,0,0,0,0,1,0,0,0
439097829618089000,0,0,0,0,1,0,0,0,0,0,0,0,0
438386686301839000,0,0,0,1,0,0,0,0,0,0,0,0,0
438352196384878000,0,1,0,0,0,0,0,0,0,0,0,0,0
438071773125701000,0,0,0,1,0,0,0,0,0,0,0,0,0
437687752738766000,0,1,0,0,0,0,0,0,0,0,0,0,0
437670372935487000,0,0,0,0,0,0,0,0,0,1,0,0,0
437655291862470000,0,0,0,1,0,0,0,0,0,0,0,0,0
437609082972033000,0,0,0,0,0,0,0,0,0,1,0,0,0
437460496825204000,1,0,0,0,0,0,0,0,0,0,0,0,0
437390152017911000,0,1,0,0,0,0,0,0,0,0,0,0,0
436978372800159000,0,0,0,0,0,0,0,0,0,1,0,0,0
435471479523008000,0,0,0,0,0,0,0,0,0,1,0,0,0
435439057293025000,0,0,0,0,0,0,0,0,0,1,0,0,0
435279676236644000,0,0,0,1,0,0,0,0,0,0,0,0,0
435167400473137000,0,0,0,0,0,0,0,0,0,1,0,0,0
434840922552287000,0,1,0,0,0,0,0,0,0,0,0,0,0
434626866918752000,0,0,0,0,0,0,0,0,0,1,0,0,0
434620022317912000,0,1,0,0,0,0,0,0,0,0,0,0,0
434529813668593000,0,0,0,1,0,0,0,0,0,0,0,0,0
433614323748188000,0,1,0,0,0,0,0,0,0,0,0,0,0
433432225489903000,0,1,0,0,0,0,0,0,0,0,0,0,0
433328200580464000,0,0,0,0,0,0,0,0,0,1,0,0,0
433257255656779000,0,0,1,0,0,0,0,0,0,0,0,0,0
433256245953576000,0,0,1,0,0,0,0,0,0,0,0,0,0
433255844424454000,0,0,1,0,0,0,0,0,0,0,0,0,0
432556181450948000,0,0,0,0,0,0,0,0,0,1,0,0,0
432282283253719000,0,0,0,0,0,0,0,0,0,1,0,0,0
432266343333642000,0,0,0,0,0,0,0,0,0,0,0,0,0
432254871505764000,0,0,0,0,1,0,0,0,0,1,0,0,0
432167871050186000,0,0,1,0,0,0,0,0,0,0,0,0,0
431402703479373000,0,0,0,0,0,0,0,0,0,1,0,0,0
431265534198710000,0,0,0,0,0,0,0,0,0,1,0,0,0
431197620699402000,0,0,0,0,0,0,0,1,0,0,0,0,0
430832288797294000,0,0,0,1,0,0,0,0,0,0,0,0,0
430144153331449000,0,0,0,0,0,0,0,0,0,1,0,0,0
429788909011488000,0,0,0,0,0,0,0,0,0,1,0,0,0
428979487888666000,0,0,0,0,0,0,0,0,0,1,0,0,0
428616018886688000,0,0,1,0,0,0,0,0,0,0,0,0,0
428615209243389000,0,0,1,0,0,0,0,0,0,0,0,0,0
428614768434610000,0,0,1,0,0,0,0,0,0,0,0,0,0
428614126689333000,0,0,1,0,0,0,0,0,0,0,0,0,0
427221710858125000,0,0,1,0,0,0,0,0,0,0,0,0,0
426250041716908000,0,0,0,1,0,0,0,0,0,0,0,0,0
425341803777511000,0,0,0,0,0,0,0,0,0,1,0,0,0
425082104675041000,0,0,0,0,0,0,0,0,0,1,0,0,0
424979662104973000,0,0,0,1,0,0,0,0,0,0,0,0,0
421644522909868000,0,0,0,1,0,0,0,0,0,0,0,0,0
421641929504604000,0,0,0,0,0,0,0,0,0,1,0,0,0
421047041532624000,0,0,0,0,0,0,0,0,0,1,0,0,0
420664553949908000,0,0,1,0,0,0,0,0,0,0,0,0,0
420663064527384000,0,0,0,0,0,0,0,0,0,1,0,0,0
420662552000221000,0,0,1,0,0,0,0,0,0,0,0,0,0
419918063161856000,0,0,0,0,0,0,0,0,0,1,0,0,0
419528395295555000,0,0,0,0,0,0,0,0,0,1,0,0,0
419185031165513000,0,0,1,0,0,0,0,0,0,0,0,0,0
418843521022308000,0,0,0,0,0,0,0,0,0,1,0,0,0
418593030590169000,0,0,0,0,0,0,0,0,0,1,0,0,0
418265704618799000,0,0,0,0,0,0,0,0,0,1,0,0,0
417564849066217000,0,0,0,0,0,0,0,0,0,1,0,0,0
417522669077401000,0,0,0,1,0,0,0,0,0,0,0,0,0
417493778153230000,0,0,1,0,0,0,0,0,0,0,0,0,0
417220670641430000,0,0,0,1,0,0,0,0,0,0,0,0,0
417127696473546000,0,0,0,0,0,0,0,0,0,1,0,0,0
415988680650936000,0,0,0,0,0,0,0,0,0,1,0,0,0
415505133511139000,0,0,0,0,0,0,0,0,0,1,0,0,0
