2.88E+17,0,0,0,0,0,0,0,1,0,0,0,0,0
2.87E+17,0,0,1,0,0,0,0,0,0,0,0,0,0
2.87E+17,0,0,0,0,0,0,0,0,0,0,0,1,0
2.87E+17,0,0,0,0,0,0,0,0,0,0,0,1,0
2.87E+17,0,0,0,0,0,0,0,0,0,0,1,0,0
2.87E+17,1,0,0,0,0,0,0,0,0,0,0,0,0
2.87E+17,1,0,0,0,0,0,0,0,0,0,0,0,0
2.87E+17,0,0,0,1,0,0,0,0,0,0,0,0,0
2.87E+17,0,0,0,0,0,0,0,0,0,0,1,0,0
2.87E+17,1,0,0,0,0,0,0,0,0,0,0,0,0
2.87E+17,0,0,0,1,0,0,0,1,0,0,0,0,0
2.86E+17,0,0,0,0,0,0,0,0,0,1,0,0,0
2.86E+17,0,0,0,0,1,0,0,0,0,0,0,0,0
2.86E+17,0,0,1,0,0,0,0,0,0,0,0,0,0
2.85E+17,0,0,0,0,1,0,0,0,0,0,0,0,0
2.85E+17,0,0,0,1,0,0,0,0,0,0,0,0,0
2.85E+17,0,0,0,0,0,0,0,1,0,0,0,0,0
2.84E+17,0,0,0,0,0,0,0,0,0,1,0,0,0
2.84E+17,0,1,0,0,0,0,0,0,0,0,0,0,0
2.84E+17,0,0,0,0,0,0,0,0,0,1,0,0,0
2.83E+17,0,0,0,0,0,0,0,0,0,1,0,0,0
2.83E+17,0,0,0,0,0,0,0,0,0,0,0,1,0
2.83E+17,0,0,0,0,0,0,0,0,0,1,0,0,0
2.83E+17,0,0,0,0,0,0,0,0,0,0,0,1,0
2.82E+17,0,0,0,1,0,0,0,0,0,0,0,0,0
2.82E+17,0,0,0,0,0,1,0,0,0,0,0,0,0
2.82E+17,0,0,0,0,0,0,0,0,0,1,0,0,0
2.82E+17,0,0,0,0,0,0,1,0,0,0,0,0,0
2.82E+17,0,1,0,0,0,0,0,0,0,0,0,0,0
2.81E+17,0,0,0,1,0,0,0,0,0,0,0,0,0
2.81E+17,0,0,0,1,0,0,0,0,0,0,0,0,0
2.81E+17,0,0,0,0,0,0,0,0,0,0,0,1,0
2.81E+17,0,0,0,0,0,0,0,0,0,1,0,0,0
2.81E+17,0,0,0,1,0,0,0,0,0,0,0,0,0
2.81E+17,0,0,0,0,0,0,0,1,0,0,0,0,0
2.80E+17,0,0,0,0,0,0,0,0,0,1,0,0,0
2.80E+17,0,0,0,0,0,0,0,1,0,0,0,0,0
2.80E+17,1,0,0,0,0,0,0,0,0,0,0,0,0
2.80E+17,0,0,0,0,0,0,0,0,0,1,0,0,0
2.79E+17,0,0,0,0,0,0,0,0,0,1,0,0,0
2.79E+17,1,0,0,0,0,0,0,0,0,0,0,0,0
2.78E+17,1,0,0,0,0,0,0,0,0,0,0,0,0
2.78E+17,0,0,0,0,0,0,0,0,0,1,0,0,0
2.78E+17,0,0,0,0,0,0,0,1,0,0,0,0,0
2.78E+17,0,0,0,0,0,0,0,0,0,1,0,0,0
2.78E+17,0,0,0,0,0,0,0,1,0,0,0,0,0
2.78E+17,0,0,0,1,0,0,0,0,0,0,0,0,0
2.78E+17,1,0,0,0,0,0,0,0,0,0,0,0,0
2.77E+17,0,0,0,0,0,0,0,0,0,0,0,0,1
2.77E+17,0,0,0,0,0,0,1,0,0,0,0,0,0
2.77E+17,0,0,0,0,0,0,0,0,0,1,0,0,0
2.76E+17,0,0,0,0,1,0,0,0,0,0,0,0,0
2.76E+17,0,0,0,0,0,0,0,1,0,0,0,0,0
2.76E+17,0,1,0,1,0,0,0,0,0,0,0,0,0
2.75E+17,1,0,0,0,0,0,0,0,0,0,0,0,0
2.75E+17,0,1,0,0,0,0,0,0,0,0,0,0,0
2.75E+17,0,0,0,0,0,0,0,0,0,0,0,0,0
2.75E+17,0,0,0,0,0,0,0,0,0,0,0,0,0
2.75E+17,0,0,0,0,0,0,0,0,0,0,0,0,0
2.74E+17,1,0,0,0,0,0,0,0,0,0,0,0,0
2.74E+17,0,0,0,0,0,0,0,0,0,1,0,0,0
2.73E+17,0,0,0,0,0,0,0,0,0,1,0,0,0
2.73E+17,0,0,0,0,0,1,0,0,0,0,0,0,0
2.73E+17,0,0,0,0,0,0,0,0,0,1,0,0,0
2.73E+17,0,0,0,0,0,0,0,1,0,0,0,0,0
2.73E+17,1,0,0,0,0,0,0,0,0,0,0,0,0
2.72E+17,0,0,0,1,0,0,0,0,0,0,0,0,0
2.72E+17,0,0,0,0,0,0,0,1,0,0,0,0,0
2.72E+17,0,1,0,0,0,0,0,0,0,0,0,0,0
2.72E+17,0,0,0,0,0,0,0,0,0,1,0,0,0
2.71E+17,0,0,0,0,0,0,1,0,0,0,0,0,0
2.71E+17,0,0,0,0,0,0,1,0,0,0,0,0,0
2.71E+17,0,1,0,0,0,0,0,1,0,0,0,0,0
2.71E+17,0,1,0,0,0,0,0,0,0,0,0,0,0
2.70E+17,0,0,0,0,1,0,0,0,0,0,0,0,0
2.69E+17,0,0,0,0,0,0,0,0,0,1,0,0,0
2.69E+17,0,0,0,0,0,0,0,1,0,0,0,0,0
2.68E+17,0,0,0,0,0,0,0,1,0,0,0,0,0
2.68E+17,0,0,0,0,0,0,0,0,1,0,0,0,0
2.68E+17,0,0,0,0,0,1,0,0,0,0,0,0,0
2.68E+17,0,0,0,0,0,0,0,1,0,0,0,0,0
2.67E+17,0,0,0,0,0,0,0,0,0,1,0,0,0
2.67E+17,0,0,0,1,0,0,0,0,0,0,0,0,0
2.67E+17,0,0,0,1,0,0,0,0,0,0,0,0,0
2.65E+17,0,0,0,1,0,0,0,0,0,0,0,0,0
2.65E+17,0,0,0,0,0,0,0,1,0,0,0,0,0
2.65E+17,0,0,0,0,0,0,0,1,0,0,0,0,0
2.64E+17,0,0,0,0,0,0,0,1,0,0,0,0,0
2.64E+17,0,0,0,0,0,0,0,0,0,1,0,0,0
2.63E+17,1,0,0,0,0,0,0,0,0,0,0,0,0
2.62E+17,1,0,0,0,0,0,0,0,0,0,0,0,0
2.62E+17,0,0,0,1,0,0,0,0,0,0,0,0,0
2.62E+17,0,0,0,1,0,0,0,0,0,0,0,0,0
2.60E+17,0,0,0,0,0,0,1,0,0,0,0,0,0
2.59E+17,0,0,0,0,0,0,0,0,0,1,0,0,0
2.59E+17,0,0,0,0,0,0,0,0,0,1,0,0,0
2.58E+17,0,0,0,0,0,0,0,0,0,1,0,0,0
2.58E+17,1,0,0,0,0,0,0,0,0,0,0,0,0
2.58E+17,0,0,0,1,0,0,0,0,0,0,0,0,0
2.58E+17,0,0,0,0,0,0,0,0,0,1,0,0,0
2.58E+17,1,0,0,0,0,0,0,0,0,0,0,0,0
2.57E+17,0,0,0,0,1,0,0,0,0,0,0,0,0
2.57E+17,0,0,0,0,0,0,0,0,0,0,0,0,1
2.57E+17,0,0,0,1,0,0,0,0,0,0,0,0,0
2.57E+17,0,0,0,0,0,0,0,0,0,1,0,0,0
2.57E+17,0,0,0,0,0,0,1,0,0,0,0,0,0
2.57E+17,0,0,0,0,0,0,0,0,0,0,0,1,0
2.56E+17,0,0,0,0,0,0,0,0,1,0,0,0,0
2.56E+17,0,0,0,0,0,0,0,0,0,1,0,0,0
2.56E+17,0,0,0,0,0,0,1,0,0,0,0,0,0
2.56E+17,0,0,0,0,0,0,1,0,0,0,0,0,0
2.56E+17,0,0,0,0,0,0,0,0,0,1,0,0,0
2.56E+17,0,0,0,0,0,0,1,0,0,0,0,0,0
2.55E+17,0,0,0,0,0,0,0,0,0,1,0,0,0
2.55E+17,0,0,0,0,0,0,1,0,0,0,0,0,0
2.55E+17,0,0,0,0,0,0,1,0,0,0,0,0,0
2.54E+17,0,0,0,1,0,0,0,0,0,0,0,0,0
2.54E+17,0,0,0,0,0,0,0,1,0,0,0,0,0
2.54E+17,1,0,0,0,0,0,0,0,0,0,0,0,0
2.54E+17,0,0,0,0,0,0,0,1,0,0,0,0,0
2.53E+17,0,0,0,0,0,0,0,0,0,1,0,0,0
2.52E+17,0,0,0,0,0,0,0,0,0,1,0,0,0
2.52E+17,0,0,0,0,1,0,0,0,0,0,0,0,0
2.52E+17,0,0,0,1,0,0,0,0,0,0,0,0,0
2.52E+17,0,0,0,0,0,0,0,1,0,0,0,0,0
2.52E+17,0,0,0,0,0,0,0,1,0,0,0,0,0
2.52E+17,0,0,0,0,0,0,0,0,0,0,0,1,0
2.51E+17,0,0,0,1,0,0,0,0,0,0,0,0,0
2.51E+17,0,0,0,0,0,0,1,0,0,0,0,0,0
2.51E+17,0,1,0,0,0,0,0,0,0,0,0,0,0
2.51E+17,0,0,0,1,0,0,0,0,0,0,0,0,0
2.51E+17,0,0,0,0,0,0,0,0,0,1,0,0,0
2.50E+17,0,0,0,0,0,0,1,0,0,0,0,0,0
2.49E+17,0,0,0,1,0,0,0,0,0,0,0,0,0
2.49E+17,0,0,0,1,0,0,0,0,0,0,0,0,0
2.49E+17,0,0,0,0,0,0,0,1,0,0,0,0,0
2.49E+17,0,0,0,0,0,0,1,0,0,0,0,0,0
2.49E+17,0,0,0,1,0,0,0,0,0,0,0,0,0
2.49E+17,0,0,0,0,0,0,0,0,0,1,0,0,0
2.49E+17,0,0,0,1,0,0,0,0,0,0,0,0,0
2.49E+17,0,0,0,0,0,1,0,0,0,0,0,0,0
2.49E+17,0,0,0,0,0,0,0,0,0,1,0,0,0
2.49E+17,0,0,0,0,0,0,0,0,0,1,0,0,0
2.49E+17,0,0,0,0,0,0,0,0,0,1,0,0,0
2.49E+17,0,0,0,0,0,0,0,0,0,1,0,0,0
2.49E+17,0,0,0,0,0,0,0,0,0,1,0,0,0
2.48E+17,0,0,0,0,0,0,0,0,0,0,0,0,0
2.48E+17,0,0,0,1,0,0,0,0,0,0,0,0,0
2.48E+17,0,0,0,1,0,0,0,0,0,0,0,0,0
2.48E+17,0,0,0,0,0,0,1,0,0,0,0,0,0
2.48E+17,0,0,0,0,1,0,0,0,0,0,0,0,0
2.48E+17,0,0,0,0,0,0,0,0,0,0,0,1,0
2.48E+17,0,0,0,0,0,0,0,0,0,0,0,0,0
2.48E+17,0,0,0,0,1,0,0,0,0,0,0,0,0
2.48E+17,0,0,0,1,0,0,0,0,0,0,0,0,0
2.48E+17,0,0,0,1,0,0,0,0,0,0,0,0,0
2.48E+17,0,0,1,0,0,0,0,0,0,0,0,0,0
2.47E+17,0,0,0,0,1,0,0,0,0,0,0,0,0
2.47E+17,0,0,0,0,0,0,0,1,0,0,0,0,0
2.47E+17,0,0,0,1,0,0,0,0,0,0,0,0,0
2.47E+17,0,0,0,0,0,0,0,1,0,0,0,0,0
2.47E+17,0,0,0,1,0,0,0,0,0,0,0,0,0
2.47E+17,0,1,0,0,0,0,0,0,0,0,0,0,0
2.47E+17,0,0,0,0,0,0,0,1,0,0,0,0,0
2.46E+17,0,1,0,0,0,0,0,0,0,0,0,0,0
2.46E+17,0,0,0,0,0,0,0,1,0,0,0,0,0
2.46E+17,0,1,0,0,0,0,0,0,0,0,0,0,0
2.46E+17,0,1,0,0,0,0,0,0,0,0,0,0,0
2.46E+17,0,0,0,0,0,0,0,1,0,0,0,0,0
2.46E+17,0,0,0,0,0,0,0,1,0,0,0,0,0
2.46E+17,0,0,0,0,0,0,0,0,0,1,0,0,0
2.46E+17,0,0,0,0,1,0,0,1,0,0,0,0,0
2.46E+17,0,0,0,0,0,0,0,1,0,0,0,0,0
2.45E+17,0,0,0,0,0,0,0,0,0,1,0,0,0
2.45E+17,0,0,0,0,0,0,0,1,0,0,0,0,0
2.45E+17,0,0,0,0,0,0,1,0,0,0,0,0,0
2.45E+17,0,1,0,0,0,0,0,0,0,1,0,0,0
2.45E+17,0,0,0,1,0,0,0,0,0,0,0,0,0
2.45E+17,0,0,0,0,0,0,0,1,0,0,0,0,0
2.45E+17,0,0,0,1,0,0,0,0,0,0,0,0,0
2.45E+17,0,0,0,0,0,0,0,0,0,1,0,0,0
2.45E+17,0,0,0,0,0,0,1,0,0,0,0,0,0
2.45E+17,0,0,0,0,0,1,0,0,0,0,0,0,0
2.44E+17,0,0,0,0,0,0,0,0,0,0,1,0,0
2.44E+17,0,0,0,0,1,0,0,0,0,0,0,0,0
2.44E+17,0,0,0,0,0,0,0,0,0,1,0,0,0
2.44E+17,0,0,0,0,0,0,1,0,0,0,0,0,0
2.44E+17,0,0,0,0,0,0,0,0,1,0,0,0,0
2.43E+17,0,0,0,1,0,0,0,0,0,0,0,0,0
2.43E+17,0,0,0,0,0,0,0,0,1,0,0,0,0
2.43E+17,0,0,0,0,1,0,0,0,0,0,0,0,0
2.43E+17,0,0,0,0,0,0,0,0,0,0,1,0,0
2.43E+17,0,0,0,0,0,0,1,0,0,0,0,0,0
2.42E+17,0,0,0,0,0,0,0,1,0,0,0,0,0
2.42E+17,0,0,0,0,0,0,0,0,0,1,0,0,0
2.42E+17,0,0,0,0,0,1,0,0,0,0,0,0,0
2.42E+17,0,0,0,0,0,0,0,0,0,0,1,0,0
2.42E+17,0,0,0,0,0,0,0,0,0,1,0,0,0
2.42E+17,0,0,0,0,0,0,0,0,1,0,0,0,0
2.42E+17,0,0,0,0,0,0,0,0,0,0,0,1,0
2.41E+17,0,0,0,1,0,0,0,0,0,0,0,0,0
2.41E+17,0,0,0,0,1,0,0,0,0,0,0,0,0
2.41E+17,0,0,0,0,0,0,1,0,0,0,0,0,0
2.41E+17,0,0,0,0,0,0,0,1,0,0,0,0,0
2.41E+17,0,0,0,0,0,0,0,0,0,1,0,0,0
2.41E+17,0,0,0,0,1,0,0,0,0,0,0,0,0
2.41E+17,0,0,0,0,0,0,1,0,0,0,0,0,0
2.41E+17,0,0,0,0,0,0,0,1,0,0,0,0,0
2.41E+17,0,0,0,0,0,0,0,0,0,1,0,0,0
2.40E+17,0,0,0,0,0,1,0,0,0,0,0,0,0
2.40E+17,0,0,0,0,0,0,0,0,1,0,0,0,0
2.40E+17,0,0,0,0,0,0,0,1,0,0,0,0,0
2.40E+17,0,0,0,0,0,1,0,0,0,1,0,0,0
2.39E+17,0,0,0,0,0,0,1,0,0,0,0,0,0
2.39E+17,0,0,0,0,0,0,0,1,0,0,0,0,0
2.39E+17,0,0,0,0,0,0,0,0,0,1,0,0,0
2.38E+17,0,0,0,1,0,0,0,0,0,0,0,0,0
2.38E+17,0,0,0,0,0,0,0,0,0,1,0,0,0
2.37E+17,0,0,0,0,0,0,1,0,0,0,0,0,0
2.37E+17,0,0,0,0,0,0,0,1,0,0,0,0,0
2.37E+17,0,0,0,0,0,0,0,0,0,1,0,0,0
2.37E+17,0,0,0,0,0,0,1,0,0,0,0,0,0
2.37E+17,0,0,0,0,0,0,0,1,0,0,0,0,0
2.37E+17,0,0,0,0,0,0,0,0,1,0,0,0,0
2.37E+17,0,0,0,0,0,0,0,0,0,1,0,0,0
2.37E+17,0,0,0,1,0,0,0,0,0,0,0,0,0
2.36E+17,0,0,0,0,0,0,0,0,1,0,0,0,0
2.36E+17,0,0,0,0,0,1,0,0,0,0,0,0,0
2.36E+17,0,0,0,0,0,0,0,1,0,0,0,0,0
2.35E+17,0,0,0,0,0,0,0,0,0,1,0,0,0
2.35E+17,0,0,0,0,0,0,0,0,0,0,1,0,0
2.35E+17,0,0,0,0,0,0,1,0,0,0,0,0,0
2.34E+17,0,0,0,0,0,0,0,0,0,1,0,0,0
2.34E+17,0,0,0,1,0,0,0,0,0,0,0,0,0
2.34E+17,0,0,0,0,0,0,1,0,0,0,0,0,0
2.33E+17,0,0,0,0,0,0,0,0,1,0,0,0,0
2.33E+17,0,0,0,0,1,0,0,0,0,0,0,0,0
2.33E+17,0,0,0,0,0,0,0,0,1,0,0,0,0
2.33E+17,0,0,0,0,0,0,0,0,0,0,0,1,0
2.33E+17,0,0,0,0,0,0,1,0,0,0,0,0,0
2.33E+17,0,0,0,0,0,0,0,0,1,0,0,0,0
2.33E+17,0,0,0,0,0,0,0,0,0,1,0,0,0
2.33E+17,0,0,0,0,0,0,1,0,0,0,0,0,0
2.32E+17,0,0,0,0,0,0,0,0,0,1,0,0,0
2.32E+17,0,0,0,0,0,0,0,1,0,0,0,0,0
2.32E+17,0,0,0,0,0,0,1,0,0,0,0,0,0
2.32E+17,0,1,0,0,0,0,0,0,0,0,0,0,0
2.32E+17,0,0,0,1,0,0,1,0,0,0,0,0,0
2.32E+17,0,0,0,0,1,0,0,0,0,0,0,0,0
2.31E+17,0,0,0,0,0,0,0,0,0,1,0,0,0
2.31E+17,0,0,0,0,0,0,0,1,0,0,0,0,0
2.31E+17,0,0,0,0,0,0,1,0,0,0,0,0,0
2.30E+17,0,0,0,0,0,0,0,0,1,0,0,0,0
2.30E+17,0,0,0,0,0,0,0,0,0,0,1,0,0
2.30E+17,0,0,0,0,0,0,0,0,0,0,0,1,0
2.30E+17,0,0,0,1,0,0,0,0,0,0,0,0,0
2.29E+17,0,0,0,0,0,1,0,0,0,0,0,0,0
2.29E+17,0,0,0,0,0,0,0,0,1,0,0,0,0
2.29E+17,0,0,0,0,0,0,1,0,0,0,0,0,0
2.29E+17,0,0,0,0,0,0,0,0,0,1,0,0,0
2.29E+17,0,0,0,0,0,0,0,1,0,0,0,0,0
2.29E+17,0,0,0,0,0,0,1,0,0,0,0,0,0
2.29E+17,0,0,0,0,0,1,0,0,0,0,0,0,0
2.29E+17,0,0,0,0,0,1,0,0,0,0,0,0,0
2.29E+17,0,1,0,0,0,0,0,0,0,0,0,0,0
2.29E+17,0,0,0,0,0,0,0,0,1,0,0,0,0
2.28E+17,0,0,0,0,0,1,0,0,0,0,0,0,0
2.28E+17,0,0,0,0,0,0,0,1,0,0,0,0,0
2.27E+17,0,0,0,0,0,0,1,0,0,0,0,0,0
2.27E+17,0,0,0,0,1,0,0,0,0,0,0,0,0
2.26E+17,0,0,0,1,0,0,0,0,0,0,0,0,0
2.26E+17,0,0,0,0,0,1,0,0,0,0,0,0,0
2.26E+17,0,0,0,0,0,0,0,0,1,0,0,0,0
2.26E+17,0,0,0,0,0,0,0,1,0,0,0,0,0
2.25E+17,0,0,0,0,0,0,0,0,0,0,1,0,0
2.25E+17,0,0,0,0,0,0,1,0,0,0,0,0,0
2.25E+17,0,0,0,0,0,0,0,0,0,0,0,0,1
2.25E+17,0,0,0,0,0,0,1,0,0,0,0,0,0
2.24E+17,0,0,0,0,0,0,0,0,1,0,0,0,0
2.24E+17,0,1,0,0,0,0,0,0,0,0,0,0,0
2.24E+17,0,0,0,0,0,0,0,0,0,1,0,0,0
2.23E+17,0,0,0,0,0,0,1,0,0,0,0,0,0
2.23E+17,0,0,0,0,0,0,0,1,0,0,0,0,0
2.23E+17,0,0,0,1,0,0,0,0,0,0,0,0,0
2.23E+17,0,0,0,0,0,0,0,0,0,1,0,0,0
2.23E+17,0,0,0,0,1,0,0,0,1,0,0,0,0
2.21E+17,0,0,0,0,0,0,0,1,0,0,0,0,0
2.21E+17,0,0,0,0,0,0,1,0,0,0,0,0,0
2.21E+17,0,0,0,0,0,1,0,0,0,0,0,0,0
2.21E+17,0,0,0,1,0,0,0,0,0,0,0,0,0
2.21E+17,0,1,0,0,0,0,0,0,0,0,0,0,0
2.21E+17,0,0,0,0,0,0,0,1,0,0,0,0,0
2.21E+17,0,0,0,0,0,1,0,0,0,0,0,0,0
2.20E+17,0,0,0,0,0,0,0,0,1,0,0,0,0
2.19E+17,0,0,0,0,0,0,1,0,0,0,0,0,0
2.19E+17,0,0,0,1,0,0,0,0,0,0,0,0,0
2.19E+17,0,0,0,0,0,0,0,0,0,1,0,0,0
2.19E+17,0,0,0,0,0,0,0,1,0,0,0,0,0
2.18E+17,0,0,0,0,1,0,0,0,0,0,0,0,0
2.18E+17,0,1,0,0,0,0,0,0,0,0,0,0,0
2.18E+17,0,0,0,0,0,1,0,0,0,0,0,0,0
2.18E+17,0,0,0,0,0,0,1,0,0,0,0,0,0
2.18E+17,0,0,0,0,0,0,0,1,0,0,0,0,0
2.18E+17,0,0,0,0,0,0,0,0,0,1,0,0,0
2.18E+17,0,0,0,0,0,0,0,0,0,0,1,0,0
2.18E+17,0,0,0,0,0,0,0,1,0,0,0,0,0
2.18E+17,0,0,0,0,0,0,0,0,0,1,0,0,0
2.18E+17,0,0,0,0,0,0,1,0,0,0,0,0,0
2.17E+17,0,0,0,0,0,1,0,0,0,0,0,0,0
2.17E+17,0,0,0,0,0,0,0,0,0,1,0,0,0
2.17E+17,0,0,0,0,0,0,1,0,0,0,0,0,0
2.17E+17,0,0,0,0,0,0,0,1,0,0,0,0,0
2.17E+17,0,0,0,0,0,0,0,0,0,1,0,0,0
2.17E+17,0,0,0,0,0,0,1,0,0,0,0,0,0
2.17E+17,0,0,0,0,0,0,0,1,0,0,0,0,0
2.17E+17,0,0,0,0,0,0,0,0,0,1,0,0,0
2.17E+17,0,0,0,0,0,0,0,1,0,0,0,0,0
2.17E+17,0,0,0,0,0,0,1,0,0,0,0,0,0
2.17E+17,0,0,0,0,0,0,0,1,0,0,0,0,0
2.17E+17,0,0,0,0,0,0,1,0,0,0,0,0,0
2.17E+17,0,0,0,0,0,0,0,1,0,0,0,0,0
2.16E+17,0,0,0,0,0,0,0,0,1,0,0,0,0
2.16E+17,0,0,0,0,1,0,0,0,0,0,0,0,0
2.16E+17,0,0,0,0,0,0,0,0,0,0,0,1,0
2.16E+17,0,0,0,0,0,0,1,0,0,0,0,0,0
2.16E+17,0,0,0,1,0,0,0,0,0,0,0,0,0
2.16E+17,0,0,0,0,0,0,0,0,0,0,1,0,0
2.16E+17,1,0,0,0,0,0,0,0,0,0,0,0,0
2.16E+17,0,0,0,0,1,0,0,0,0,0,0,0,0
2.16E+17,0,0,0,0,0,0,0,0,0,1,0,0,0
2.16E+17,0,1,0,0,0,0,0,0,0,0,0,0,0
2.16E+17,0,0,0,0,0,0,0,0,0,1,0,0,0
2.16E+17,0,0,0,1,0,0,0,0,0,0,0,0,0
2.16E+17,0,0,0,0,0,0,0,0,1,0,0,0,0
2.16E+17,0,0,0,1,0,0,1,0,0,0,0,0,0
2.16E+17,0,0,0,0,1,0,0,0,0,0,0,0,0
2.16E+17,0,0,0,0,1,0,0,0,0,0,0,0,0
2.15E+17,0,0,0,0,0,0,0,0,0,0,0,1,0
2.15E+17,0,0,0,0,0,1,0,0,0,0,0,0,0
2.15E+17,0,0,0,0,0,0,0,0,0,0,1,0,0
2.15E+17,0,0,0,1,0,0,0,0,0,0,0,0,0
2.14E+17,0,0,0,0,0,0,0,0,0,1,0,0,0
2.14E+17,0,0,0,0,0,0,1,0,0,0,0,0,0
2.14E+17,0,1,0,0,0,0,0,0,0,0,0,0,0
2.14E+17,0,0,0,1,0,0,0,0,0,0,0,0,0
2.14E+17,0,0,0,0,0,0,0,0,1,0,0,0,0
2.14E+17,0,0,0,0,1,0,0,0,0,0,0,0,0
2.13E+17,0,0,0,0,0,0,1,0,0,0,0,0,0
2.13E+17,0,0,0,0,0,0,0,0,1,0,0,0,0
2.13E+17,0,0,0,0,0,0,0,1,0,0,0,0,0
2.13E+17,0,0,0,0,1,0,0,0,0,0,0,0,0
2.13E+17,0,0,0,0,0,0,1,0,0,0,0,0,0
2.12E+17,0,0,0,0,0,0,0,0,1,0,0,0,0
2.12E+17,0,0,0,0,0,0,0,0,0,1,0,0,0
2.12E+17,0,0,0,0,0,0,1,0,0,0,0,0,0
2.12E+17,0,0,0,0,1,0,0,0,0,0,0,0,0
2.12E+17,0,0,0,0,0,0,0,0,0,0,0,1,0
2.11E+17,0,0,0,0,0,0,0,1,0,0,0,0,0
2.11E+17,0,0,0,0,0,0,0,0,0,1,0,0,0
2.11E+17,0,0,0,1,0,0,0,0,0,0,0,0,0
2.11E+17,0,0,0,0,0,1,0,0,0,0,0,0,0
2.11E+17,0,0,0,0,0,0,0,0,0,1,0,0,0
2.11E+17,0,0,0,0,0,0,1,0,0,0,0,0,0
2.11E+17,0,0,1,0,0,0,0,0,0,0,0,0,0
2.11E+17,0,0,0,0,0,0,0,0,0,1,0,0,0
2.11E+17,0,0,0,0,0,1,0,0,0,0,0,0,0
2.10E+17,0,0,0,0,0,0,0,0,1,0,0,0,0
2.10E+17,0,0,0,1,0,0,0,0,0,0,0,0,0
2.10E+17,1,0,0,0,0,0,0,0,0,0,0,0,0
2.10E+17,0,0,0,0,0,1,0,0,0,0,0,0,0
2.10E+17,0,0,0,0,0,0,0,1,0,0,0,1,0
2.09E+17,0,0,0,1,0,0,0,0,0,0,0,0,0
2.09E+17,0,1,0,0,0,0,0,0,0,0,0,0,0
2.08E+17,0,0,0,0,0,0,1,0,0,0,0,0,0
2.08E+17,0,0,0,0,0,0,0,0,0,1,0,0,0
2.08E+17,0,0,0,0,0,0,0,1,0,0,0,0,0
2.08E+17,0,0,0,0,0,0,1,0,0,0,0,0,0
2.08E+17,0,0,0,0,0,0,0,0,0,1,0,0,0
2.08E+17,0,0,0,0,0,0,1,0,0,0,0,0,0
2.08E+17,0,0,0,0,0,1,0,0,0,0,0,0,0
2.08E+17,0,0,0,0,0,0,0,1,0,0,0,0,0
2.08E+17,0,0,0,0,1,0,0,0,0,0,0,0,0
2.08E+17,0,0,0,0,0,0,0,0,0,1,0,0,0
2.08E+17,0,0,0,0,0,0,0,0,1,0,0,0,0
2.07E+17,0,0,0,1,0,0,0,0,0,0,0,0,0
2.05E+17,0,0,0,0,0,1,0,0,0,0,0,0,0
2.05E+17,0,0,0,0,0,0,1,0,0,0,0,0,0
2.05E+17,0,0,0,0,0,0,0,0,0,0,0,1,0
2.05E+17,0,0,0,0,0,0,1,0,0,0,0,0,0
2.05E+17,0,0,0,0,0,0,0,1,0,0,0,0,0
2.05E+17,0,0,0,0,0,0,0,0,1,0,0,0,0
2.05E+17,0,0,0,0,0,0,0,0,0,0,0,1,0
2.05E+17,0,0,0,0,0,0,1,0,0,0,0,0,0
2.05E+17,0,0,0,0,0,0,0,0,0,1,0,0,0
2.05E+17,0,0,0,1,0,0,0,0,0,0,0,0,0
2.05E+17,0,0,0,0,0,0,0,0,1,0,0,0,0
2.05E+17,0,0,0,0,1,0,0,0,0,0,0,0,0
2.03E+17,0,0,0,0,0,0,0,0,0,0,0,1,0
2.03E+17,0,0,0,0,1,0,0,0,0,0,0,0,0
2.03E+17,0,0,0,0,0,0,0,0,0,0,1,0,0
2.03E+17,0,1,0,0,0,0,0,0,0,0,0,0,0
2.03E+17,0,0,0,0,0,0,0,0,0,1,0,0,0
2.03E+17,0,0,0,0,0,1,0,0,0,0,0,0,0
2.03E+17,0,1,0,0,0,0,0,0,0,0,0,0,0
2.02E+17,0,1,0,0,0,0,0,0,0,0,0,0,0
2.02E+17,0,0,0,0,0,0,0,0,1,0,0,0,0
2.02E+17,0,0,0,0,1,0,0,0,0,0,0,0,0
2.02E+17,0,0,0,0,0,1,0,0,0,0,0,0,0
2.01E+17,0,0,0,0,0,0,0,0,1,0,0,0,0
2.01E+17,0,0,0,0,0,0,1,0,0,0,0,0,0
2.01E+17,0,0,0,0,0,0,0,0,0,1,0,0,0
2.00E+17,0,0,0,0,0,0,0,1,0,0,0,0,0
2.00E+17,0,0,0,0,0,0,0,0,0,0,1,0,0
2.00E+17,0,0,0,0,0,0,0,0,0,0,0,0,1
2.00E+17,0,0,0,0,0,0,0,0,0,0,0,1,0
2.00E+17,0,0,0,0,0,0,0,0,0,1,0,0,0
2.00E+17,0,0,0,1,0,0,0,0,0,0,0,0,0
2.00E+17,0,0,0,0,0,0,0,0,0,1,0,0,0
2.00E+17,0,0,0,0,0,0,1,0,0,0,0,0,0
2.00E+17,0,0,0,0,0,0,0,1,0,0,0,0,0
1.99E+17,1,0,0,0,0,1,0,0,0,0,0,0,0
1.99E+17,0,1,0,0,0,0,0,0,0,0,0,0,0
1.99E+17,0,0,0,1,0,0,0,0,0,0,0,0,0
1.99E+17,0,0,0,0,0,0,1,0,0,0,0,0,0
1.99E+17,0,0,0,0,1,0,0,0,0,0,0,0,0
1.99E+17,0,0,0,0,0,0,0,0,0,1,0,0,0
1.99E+17,0,0,0,1,0,0,0,0,0,0,0,0,0
1.99E+17,0,0,0,0,1,0,0,0,0,0,0,0,0
1.99E+17,0,0,0,0,0,0,0,0,0,0,0,1,0
1.99E+17,0,0,0,0,0,0,0,1,0,0,0,0,0
1.99E+17,0,0,0,0,0,0,1,0,0,0,0,0,0
1.98E+17,0,0,0,0,0,0,0,0,0,1,0,0,0
1.98E+17,0,0,0,0,1,0,0,0,0,0,0,0,0
1.98E+17,1,0,0,0,0,0,0,0,0,0,0,0,0
1.98E+17,0,0,0,0,0,1,0,0,0,0,0,0,0
1.98E+17,0,0,0,0,0,0,0,0,0,1,0,0,0
1.98E+17,0,1,0,0,0,0,0,0,0,0,0,0,0
1.98E+17,0,0,0,0,0,0,0,1,0,0,0,0,0
1.97E+17,0,1,0,0,0,0,0,0,0,0,0,0,0
1.97E+17,0,0,0,0,0,0,0,0,1,0,0,0,0
1.97E+17,0,0,0,0,1,0,0,0,0,0,0,0,0
1.97E+17,0,0,0,0,0,0,0,0,0,0,0,1,0
1.97E+17,0,0,0,0,0,0,0,1,0,0,0,0,0
1.97E+17,0,0,0,0,0,1,0,0,0,0,0,0,0
1.97E+17,0,0,0,0,0,0,0,0,1,0,0,0,0
1.97E+17,0,0,0,0,0,0,0,0,0,1,0,0,0
1.96E+17,1,0,0,0,0,0,0,0,0,0,0,0,0
1.96E+17,0,0,0,0,0,0,1,0,0,0,0,0,0
1.96E+17,0,0,0,1,0,0,0,0,0,0,0,0,0
1.96E+17,0,0,0,0,0,0,0,0,0,1,0,0,0
1.96E+17,0,0,0,0,0,0,0,1,0,0,0,0,0
1.96E+17,0,0,0,0,0,0,0,0,0,0,0,1,0
1.96E+17,0,0,0,0,0,0,1,0,0,0,0,0,0
1.96E+17,0,0,0,1,0,0,0,0,0,0,0,0,0
1.96E+17,1,0,0,0,0,0,0,0,0,0,0,0,0
1.96E+17,0,0,0,0,1,0,0,0,0,0,0,0,0
1.96E+17,0,0,0,0,0,0,0,0,0,0,0,1,0
1.96E+17,0,0,0,0,0,1,0,1,0,0,0,0,0
1.96E+17,0,0,0,1,0,0,0,0,0,0,0,0,0
1.95E+17,0,0,0,0,0,0,0,1,0,0,0,0,0
1.95E+17,0,0,0,1,0,0,0,0,0,0,0,0,0
1.94E+17,0,0,0,0,0,0,0,0,0,1,0,0,0
1.94E+17,0,0,0,0,0,1,0,0,0,0,0,0,0
1.94E+17,0,0,0,0,0,1,0,0,0,0,0,0,0
1.94E+17,0,0,0,0,0,0,0,0,0,1,0,0,0
1.93E+17,0,0,0,1,0,0,0,0,0,0,0,0,0
1.93E+17,0,0,0,0,0,0,1,0,0,0,0,0,0
1.93E+17,0,0,0,0,0,0,0,0,0,1,0,0,0
1.93E+17,0,0,0,0,1,0,0,0,0,0,0,0,0
1.93E+17,0,0,0,0,0,0,1,0,0,0,0,0,0
1.93E+17,0,0,0,0,1,0,0,0,0,0,0,0,0
1.93E+17,0,0,0,0,0,1,0,0,0,0,0,0,0
1.93E+17,0,0,0,0,0,0,0,1,0,0,0,0,0
1.92E+17,0,0,0,0,0,0,1,0,0,0,0,0,0
1.92E+17,0,0,0,0,0,0,0,1,0,0,0,0,0
1.92E+17,0,0,0,1,0,0,0,0,0,0,0,0,0
1.92E+17,0,0,0,1,0,0,0,0,0,0,0,0,0
1.92E+17,0,0,0,0,0,0,0,0,0,1,0,0,0
1.91E+17,0,0,0,0,0,0,0,0,0,1,0,0,0
1.91E+17,0,0,0,0,0,0,1,0,0,0,0,0,0
1.91E+17,0,0,0,0,0,0,1,0,0,0,0,0,0
1.91E+17,0,0,0,0,1,0,0,0,0,0,0,0,0
1.91E+17,0,0,0,0,0,0,0,0,0,1,0,0,0
1.91E+17,0,0,0,0,0,0,0,0,0,1,0,0,0
1.91E+17,0,0,0,0,0,0,0,0,0,1,0,0,0
1.91E+17,0,0,0,0,0,0,0,1,0,0,0,0,0
1.91E+17,0,0,0,0,0,0,0,0,0,0,0,1,0
1.91E+17,0,0,0,0,0,0,0,1,0,0,0,0,0
1.91E+17,0,0,0,0,0,0,0,0,0,0,0,1,0
1.91E+17,0,0,0,0,0,0,0,1,0,0,0,0,0
1.91E+17,0,0,0,0,0,0,1,0,0,0,0,0,0
1.90E+17,0,0,0,0,0,0,0,0,0,1,0,0,0
1.90E+17,0,0,0,0,0,0,0,1,0,0,0,0,0
1.90E+17,0,0,0,0,0,0,0,1,0,0,0,0,0
1.90E+17,0,0,0,0,0,0,1,0,0,0,0,0,0
1.90E+17,0,0,0,0,0,1,0,0,0,0,0,0,0
1.90E+17,0,0,0,0,0,0,0,0,0,1,0,0,0
1.90E+17,0,0,0,0,0,0,0,0,0,0,0,0,1
1.90E+17,0,0,0,0,0,0,0,0,0,1,0,0,0
1.90E+17,0,0,0,0,0,0,0,0,0,1,0,0,0
5.29E+17,0,0,0,0,0,0,0,0,0,0,0,1,0
5.30E+17,0,0,0,0,0,1,0,0,0,0,0,0,0
5.30E+17,0,0,0,0,0,0,0,1,0,0,0,0,0
5.31E+17,0,0,0,0,0,0,0,0,1,0,0,0,0
5.33E+17,0,0,0,0,0,1,0,0,0,0,0,0,0
5.34E+17,0,0,1,0,0,0,0,0,0,0,0,0,0
5.34E+17,0,0,0,0,0,0,0,1,0,0,0,0,0
5.34E+17,0,0,0,1,0,0,0,0,0,0,0,0,0
5.34E+17,0,0,1,0,0,0,0,0,0,0,0,0,0
5.34E+17,0,0,1,0,0,0,0,0,0,0,0,0,0
5.34E+17,0,0,0,0,0,0,0,1,0,0,0,0,0
5.34E+17,0,0,0,1,0,0,0,0,0,0,0,0,0
5.34E+17,0,0,0,0,0,0,0,1,0,0,0,0,0
5.35E+17,0,0,0,0,1,0,0,0,0,0,0,0,0
5.36E+17,0,0,0,0,0,0,0,0,1,0,0,0,0
5.36E+17,0,0,0,0,1,0,0,0,0,0,0,0,0
5.37E+17,0,0,0,0,0,0,0,0,0,0,0,0,1
5.37E+17,0,0,0,0,0,0,0,0,1,0,0,0,0
5.37E+17,0,0,0,0,1,0,0,0,0,0,0,0,0
5.37E+17,0,0,0,0,0,0,0,0,1,0,0,0,0
5.37E+17,0,0,0,0,0,0,0,0,0,0,0,1,0
5.37E+17,0,0,0,0,1,0,0,0,0,0,0,0,0
5.37E+17,0,0,0,1,0,0,0,0,0,0,0,0,0
5.37E+17,0,0,0,0,0,0,0,0,0,0,0,0,1
5.37E+17,0,0,0,0,0,0,0,0,0,0,0,0,1
5.37E+17,0,0,0,0,0,0,0,0,0,0,0,0,1
5.37E+17,0,0,0,1,0,0,0,0,0,0,0,0,0
5.40E+17,0,0,0,0,0,0,1,0,0,0,0,0,0
5.42E+17,0,0,0,0,0,0,0,0,0,0,0,1,0
5.42E+17,0,0,0,0,1,0,0,0,0,0,0,0,0
5.43E+17,0,0,0,0,0,1,0,0,0,0,0,0,0
5.45E+17,0,0,0,0,1,0,0,0,0,0,0,0,0
5.45E+17,0,0,0,0,0,0,0,0,0,0,0,0,1
5.45E+17,0,1,0,0,0,0,0,0,0,0,0,0,0
5.45E+17,0,0,0,0,0,0,0,0,0,1,0,0,0
5.45E+17,0,0,0,0,0,0,0,0,0,0,0,0,1
5.45E+17,0,0,0,1,0,0,0,0,0,0,0,0,0
5.45E+17,0,0,0,0,1,0,0,0,0,0,0,0,0
5.45E+17,0,0,0,0,0,1,0,0,0,0,0,0,0
5.45E+17,0,0,0,0,0,0,0,1,0,0,0,0,0
5.45E+17,0,0,1,0,0,0,0,0,0,0,0,0,0
5.45E+17,0,0,0,0,1,0,0,0,0,0,0,0,0
5.45E+17,0,0,0,0,0,0,0,0,0,1,0,0,0
5.46E+17,0,0,0,0,0,0,0,1,0,0,0,0,0
5.46E+17,0,0,0,0,0,0,0,0,0,1,0,0,0
5.46E+17,0,0,0,0,0,0,0,1,0,0,0,0,0
5.46E+17,0,0,0,0,0,1,0,0,0,0,0,0,0
5.46E+17,0,0,0,0,0,0,0,1,0,0,0,0,0
5.46E+17,0,0,1,0,0,0,0,0,0,0,0,0,0
5.46E+17,0,0,1,0,0,0,0,0,0,0,0,0,0
5.46E+17,0,0,0,0,0,0,0,0,0,0,1,0,0
5.46E+17,0,0,0,1,0,0,0,0,0,0,0,0,0
5.46E+17,0,0,0,0,0,0,0,0,0,0,0,0,1
5.46E+17,0,0,0,0,0,0,0,0,0,1,0,0,0
5.46E+17,0,0,0,0,0,0,0,1,0,0,0,0,0
5.46E+17,0,0,0,0,0,1,0,0,0,0,0,0,0
5.46E+17,0,0,0,0,0,0,0,1,0,0,0,0,0
5.46E+17,0,0,0,0,0,0,1,0,0,0,0,0,0
5.46E+17,0,0,0,1,0,0,0,0,0,0,0,0,0
5.46E+17,0,0,0,0,0,0,0,1,0,0,0,0,0
5.47E+17,0,0,0,0,0,0,0,1,0,0,0,0,0
5.47E+17,0,0,0,0,0,0,0,0,1,0,0,0,0
5.47E+17,0,0,0,0,0,0,0,1,0,0,0,0,0
5.47E+17,0,0,0,0,0,0,0,0,0,1,0,0,0
5.48E+17,0,0,0,0,0,0,0,0,0,1,0,0,0
5.49E+17,0,0,0,0,0,0,0,1,0,0,0,0,0
5.49E+17,0,0,0,0,0,0,1,0,0,0,0,0,0
5.49E+17,0,0,0,0,1,0,0,0,0,0,0,0,0
5.49E+17,0,0,0,1,0,0,0,0,0,0,0,0,0
5.49E+17,0,0,0,0,0,0,0,0,0,0,0,0,1
5.50E+17,0,0,0,0,0,0,0,1,0,0,0,0,0
5.50E+17,0,0,0,1,0,0,0,0,0,0,0,0,0
5.50E+17,0,0,0,0,0,0,0,0,0,1,0,0,0
5.50E+17,0,0,0,0,0,0,0,0,0,1,0,0,0
5.50E+17,0,0,0,0,0,0,0,1,0,0,0,0,0
5.50E+17,0,0,0,0,0,0,0,1,0,0,0,0,0
5.50E+17,0,0,1,0,0,0,0,0,0,0,0,0,0
5.50E+17,0,0,1,0,0,0,0,0,0,0,0,0,0
5.50E+17,0,1,0,0,0,0,0,0,0,0,0,0,0
5.51E+17,0,0,0,0,1,0,0,0,0,0,0,0,0
5.51E+17,0,0,1,0,0,0,0,0,0,0,0,0,0
5.52E+17,0,1,0,0,0,0,0,0,0,0,0,0,0
5.53E+17,0,0,0,0,0,0,0,0,0,0,0,0,1
5.54E+17,0,0,0,0,0,0,0,0,1,0,0,0,0
5.54E+17,0,0,0,0,0,0,0,1,0,0,0,0,0
5.54E+17,0,0,0,0,0,0,0,1,0,0,0,0,0
5.55E+17,0,0,0,0,0,0,0,1,0,0,0,0,0
5.56E+17,0,0,0,0,0,0,0,1,0,0,0,0,0
5.56E+17,0,1,0,0,0,0,0,0,0,0,0,0,0
5.56E+17,0,0,0,0,1,0,0,0,0,0,0,0,0
5.56E+17,0,0,0,0,0,0,0,1,0,0,0,0,0
5.57E+17,0,0,0,0,0,0,0,0,0,0,0,0,1
5.57E+17,0,0,0,0,0,0,0,0,0,0,0,0,1
5.57E+17,0,1,0,0,0,0,0,0,0,0,0,0,0
5.57E+17,0,0,0,1,0,0,0,0,0,0,0,0,0
5.58E+17,0,1,0,0,0,0,0,0,0,0,0,0,0
5.58E+17,0,0,0,0,0,0,0,0,0,0,0,1,0
5.59E+17,0,0,0,0,0,0,1,0,0,0,0,0,0
5.59E+17,0,0,0,0,0,0,0,0,0,1,0,0,0
5.59E+17,0,0,0,0,0,0,0,1,0,0,0,0,0
5.59E+17,0,0,0,0,0,0,0,1,0,0,0,0,0
5.59E+17,0,0,0,0,0,0,0,0,0,0,1,0,0
5.59E+17,0,0,0,0,0,0,0,1,0,0,0,0,0
5.59E+17,0,0,0,0,0,0,0,1,0,0,0,0,0
5.59E+17,0,0,0,0,0,0,0,0,0,1,0,0,0
5.59E+17,0,0,0,1,0,0,0,0,0,0,0,0,0
5.60E+17,0,0,0,0,0,0,0,0,0,1,0,0,0
5.61E+17,0,0,1,0,0,0,0,0,0,0,0,0,0
5.61E+17,0,0,0,0,1,0,0,0,0,0,0,0,0
5.61E+17,0,0,0,0,0,0,0,0,0,0,0,0,1
5.61E+17,0,0,0,0,0,0,0,0,0,1,0,0,0
5.62E+17,0,0,0,0,0,0,0,0,0,0,0,1,0
5.62E+17,0,0,0,0,0,0,0,0,0,0,0,0,1
5.62E+17,0,1,0,0,0,0,0,0,0,0,0,0,0
5.62E+17,0,0,0,0,0,0,1,0,0,0,0,0,0
5.62E+17,0,0,0,1,0,0,0,0,0,0,0,0,0
5.62E+17,0,0,0,0,0,0,1,0,0,0,0,0,0
5.62E+17,0,0,0,0,1,0,0,0,0,0,0,0,0
5.62E+17,0,0,0,0,0,0,0,1,0,0,0,0,0
5.62E+17,0,0,0,0,0,0,0,1,0,0,0,0,0
5.62E+17,0,0,0,0,0,0,0,1,0,0,0,0,0
5.62E+17,0,0,0,0,0,0,0,0,0,0,0,0,1
5.62E+17,0,0,0,0,0,0,0,0,0,0,0,0,1
5.62E+17,0,0,0,0,0,1,0,0,0,0,0,0,0
5.62E+17,0,0,0,0,0,0,0,0,1,0,0,0,0
5.62E+17,0,0,0,0,0,0,0,0,1,0,0,0,0
5.62E+17,0,0,0,1,0,0,0,0,0,0,0,0,0
5.62E+17,0,0,0,0,1,0,0,0,0,0,0,0,0
5.63E+17,0,0,0,0,0,0,0,1,0,0,0,0,0
5.63E+17,0,0,0,0,0,0,1,0,0,0,0,0,0
5.63E+17,0,0,0,0,0,0,0,1,0,0,0,0,0
5.63E+17,0,0,0,0,0,0,0,1,0,0,0,0,0
5.63E+17,0,0,0,0,0,0,0,1,0,0,0,0,0
5.63E+17,0,0,0,0,1,0,0,0,0,0,0,0,0
5.64E+17,0,0,0,0,0,0,0,0,0,0,0,0,1
5.64E+17,0,0,0,0,0,0,0,0,0,0,0,1,0
5.64E+17,0,0,0,0,0,0,0,1,0,0,0,0,0
5.64E+17,0,0,0,0,0,0,1,0,0,0,0,0,0
5.64E+17,0,0,0,0,0,0,1,0,0,0,0,0,0
5.64E+17,0,0,0,0,1,0,0,0,0,0,0,0,0
5.64E+17,0,0,0,0,0,0,0,1,0,0,0,0,0
5.64E+17,0,0,1,0,0,0,0,0,0,0,0,0,0
5.65E+17,0,0,0,0,0,0,0,0,0,0,0,1,0
5.65E+17,0,0,0,0,0,0,1,0,0,0,0,0,0
5.65E+17,0,0,0,0,0,0,0,0,0,1,0,0,0
5.65E+17,0,0,0,0,0,0,0,1,0,0,0,0,0
5.65E+17,0,0,0,1,0,0,0,0,0,0,0,0,0
5.65E+17,0,0,0,0,0,0,0,0,1,0,0,0,0
5.65E+17,0,0,0,0,0,0,0,0,0,1,0,0,0
5.65E+17,0,0,0,0,0,0,0,0,0,1,0,0,0
5.65E+17,0,0,0,0,1,0,0,0,0,0,0,0,0
5.65E+17,0,0,0,0,0,0,0,1,0,0,0,0,0
5.65E+17,0,0,0,0,0,0,0,1,0,0,0,0,0
5.65E+17,0,0,1,0,0,0,0,0,0,0,0,0,0
5.65E+17,0,0,0,0,0,0,0,1,0,0,0,0,0
5.66E+17,0,0,0,0,0,0,0,1,0,0,0,0,0
5.66E+17,0,0,0,0,0,0,0,0,0,1,0,0,0
5.66E+17,0,0,0,0,0,0,0,0,1,0,0,0,0
5.66E+17,0,0,0,0,0,0,0,1,0,0,0,0,0
5.66E+17,0,0,0,0,0,0,0,0,0,0,0,1,0
5.66E+17,0,0,0,0,0,0,0,0,0,0,0,0,1
5.66E+17,0,0,0,0,0,0,0,1,0,0,0,0,0
5.66E+17,0,0,0,0,0,0,0,1,0,0,0,0,0
5.66E+17,0,0,0,0,0,0,0,0,0,0,0,0,1
5.67E+17,0,0,0,0,0,0,0,1,0,0,0,0,0
5.67E+17,0,0,0,0,0,0,0,0,0,0,0,0,1
5.67E+17,0,0,0,1,0,0,0,0,0,0,0,0,0
5.67E+17,0,0,0,0,1,0,0,0,0,0,0,0,0
5.67E+17,0,0,0,0,0,0,0,0,0,1,0,0,0
5.67E+17,0,0,0,0,0,0,0,1,0,0,0,0,0
5.67E+17,0,0,0,0,0,0,0,0,0,0,0,0,1
5.67E+17,0,0,0,0,0,0,1,0,0,0,0,0,0
5.68E+17,0,1,0,0,0,0,0,0,0,0,0,0,0
5.68E+17,0,0,0,0,0,0,0,0,0,0,0,0,1
5.68E+17,0,0,0,0,0,0,0,1,0,0,0,0,0
5.68E+17,0,0,0,1,0,0,0,0,0,0,0,0,0
5.68E+17,0,0,0,0,0,0,0,1,0,0,0,0,0
5.68E+17,0,0,0,0,0,0,0,0,0,0,0,0,1
5.68E+17,0,0,1,0,0,0,0,0,0,0,0,0,0
5.68E+17,0,0,0,0,0,0,0,0,0,1,0,0,0
5.68E+17,0,0,0,0,0,0,0,0,0,0,0,0,1
5.68E+17,0,0,0,0,0,0,0,1,0,0,0,0,0
5.68E+17,0,0,0,0,0,0,0,1,0,0,0,0,0
5.69E+17,0,0,0,0,1,0,0,0,0,0,0,0,0
5.69E+17,0,1,0,0,0,0,0,0,0,0,0,0,0
5.69E+17,0,0,1,0,0,0,0,0,0,0,0,0,0
5.70E+17,0,0,0,1,0,0,0,0,0,0,0,0,0
5.70E+17,0,0,0,0,0,0,0,0,0,1,0,0,0
5.70E+17,0,0,0,0,0,0,0,0,0,1,0,0,0
5.70E+17,0,0,0,0,0,0,0,1,0,0,0,0,0
5.71E+17,0,0,0,0,0,0,0,1,0,0,0,0,0
5.71E+17,0,0,0,0,0,0,0,0,0,1,0,0,0
5.71E+17,0,0,0,0,0,0,0,1,0,0,0,0,0
5.71E+17,0,0,0,0,0,0,0,0,0,0,0,1,0
5.71E+17,0,0,0,0,0,0,0,0,0,1,0,0,0
5.71E+17,0,0,0,0,0,0,0,1,0,0,0,0,0
5.71E+17,0,0,0,0,0,0,0,0,0,1,0,0,0
5.71E+17,0,0,0,0,0,0,0,1,0,0,0,0,0
5.71E+17,0,0,0,0,1,0,0,0,0,0,0,0,0
5.71E+17,0,0,0,0,0,0,0,1,0,0,0,0,0
5.71E+17,0,0,0,0,1,0,0,0,0,0,0,0,0
5.71E+17,0,0,0,0,0,0,0,1,0,0,0,0,0
5.71E+17,0,0,0,0,0,1,0,0,0,0,0,0,0
5.71E+17,0,1,0,0,0,0,0,0,0,0,0,0,0
5.72E+17,0,0,0,0,0,0,0,1,0,0,0,0,0
5.72E+17,0,0,0,1,0,0,0,0,0,0,0,0,0
5.72E+17,0,0,0,0,0,0,0,0,0,1,0,0,0
5.72E+17,0,0,0,0,0,0,0,0,0,0,0,0,1
5.72E+17,0,0,0,0,0,0,0,0,0,0,0,0,1
5.72E+17,0,0,1,0,0,0,0,0,0,0,0,0,0
5.73E+17,0,1,0,0,0,0,0,0,0,0,0,0,0
5.73E+17,0,0,0,0,0,0,0,0,0,0,1,0,0
5.73E+17,0,0,0,0,0,0,0,0,0,0,1,0,0
5.73E+17,0,0,0,0,0,0,0,0,0,0,1,0,0
5.73E+17,0,0,0,0,0,0,0,0,0,0,1,0,0
5.73E+17,0,0,0,0,0,1,0,0,0,0,0,0,0
5.73E+17,0,0,1,0,0,0,0,0,0,0,0,0,0
5.73E+17,0,0,0,0,0,0,0,0,0,0,0,0,1
5.73E+17,0,0,0,0,0,0,0,0,0,0,0,0,1
5.73E+17,0,0,0,0,0,0,0,0,0,1,0,0,0
5.73E+17,0,0,0,1,0,0,0,0,0,0,0,0,0
5.73E+17,0,0,0,0,0,0,0,0,1,0,0,0,0
5.73E+17,0,0,0,1,0,0,0,0,0,0,0,0,0
5.73E+17,0,0,0,0,0,0,1,0,0,0,0,0,0
5.73E+17,0,0,0,0,0,0,0,0,0,0,1,0,0
5.73E+17,0,0,0,0,1,0,0,0,0,0,0,0,0
5.73E+17,0,0,0,0,0,1,0,0,0,0,0,0,0
5.73E+17,0,0,0,0,0,0,0,0,0,1,0,0,0
5.73E+17,0,0,0,0,0,0,0,1,0,0,0,0,0
5.73E+17,0,0,0,0,0,0,0,1,0,0,0,0,0
5.74E+17,0,0,0,0,0,0,0,0,0,0,0,1,0
5.74E+17,0,0,0,0,0,0,0,0,0,1,0,0,0
5.74E+17,0,0,0,0,1,0,0,0,0,0,0,0,0
5.74E+17,0,0,0,0,0,0,0,1,0,0,0,0,0
5.74E+17,0,0,0,0,0,0,0,0,0,0,0,1,0
5.74E+17,0,0,0,0,0,0,0,0,0,0,0,0,1
5.74E+17,0,0,0,0,0,0,0,0,0,0,0,1,0
5.74E+17,0,0,0,1,0,0,0,0,0,0,0,0,0
5.74E+17,0,0,0,0,1,0,0,0,0,0,0,0,0
5.74E+17,0,0,0,0,0,0,0,0,0,1,0,0,0
5.74E+17,0,0,0,1,0,0,0,0,0,0,0,0,0
5.74E+17,0,0,0,0,0,0,0,1,0,0,0,0,0
5.74E+17,0,0,0,0,0,0,0,1,0,0,0,0,0
5.74E+17,0,0,0,0,0,0,0,0,0,0,0,1,0
5.74E+17,0,0,0,0,0,1,0,0,0,0,0,0,0
5.74E+17,0,0,0,0,0,0,0,0,0,1,0,0,0
5.75E+17,0,0,0,1,0,0,0,0,0,0,0,0,0
5.75E+17,0,0,0,1,0,0,0,0,0,0,0,0,0
5.75E+17,0,0,0,0,0,0,0,0,0,0,0,0,1
5.75E+17,0,0,0,0,0,0,0,0,0,1,0,0,0
5.75E+17,0,0,0,0,0,0,1,0,0,0,0,0,0
5.75E+17,0,0,0,1,0,0,0,0,0,0,0,0,0
5.75E+17,0,0,0,0,0,0,0,0,1,0,0,0,0
5.75E+17,0,0,0,0,0,0,0,0,0,0,0,0,1
5.75E+17,0,0,0,0,0,0,0,0,0,0,0,0,1
5.75E+17,0,0,0,0,0,0,0,1,0,0,0,0,0
5.75E+17,0,1,0,0,0,0,0,0,0,0,0,0,0
5.75E+17,0,0,0,0,0,0,0,0,0,0,0,1,0
5.76E+17,0,0,1,0,0,0,0,0,0,0,0,0,0
5.76E+17,0,0,0,1,0,0,0,0,0,0,0,0,0
5.76E+17,0,0,0,0,0,0,0,0,0,1,0,0,0
5.76E+17,0,0,0,0,0,0,0,1,0,0,0,0,0
5.76E+17,0,0,0,0,0,0,0,0,0,1,0,0,0
5.76E+17,0,0,0,0,0,0,0,0,0,0,0,1,0
5.76E+17,0,0,0,0,1,0,0,0,0,0,0,0,0
5.76E+17,0,0,0,0,1,0,0,0,0,0,0,0,0
5.76E+17,0,0,0,1,0,0,0,0,0,0,0,0,0
5.76E+17,0,0,0,1,0,0,0,0,0,0,0,0,0
5.76E+17,0,1,0,0,0,0,0,0,0,0,0,0,0
5.77E+17,0,0,0,0,0,0,1,0,0,0,0,0,0
5.77E+17,0,0,0,0,0,0,0,0,0,1,0,0,0
5.77E+17,0,0,0,1,0,0,0,0,0,0,0,0,0
5.77E+17,0,0,0,0,0,0,0,0,0,0,0,0,1
5.77E+17,0,0,0,0,0,0,0,0,0,0,1,0,0
5.77E+17,0,0,0,0,0,0,0,0,0,1,0,0,0
5.77E+17,0,0,1,0,0,0,0,0,0,0,0,0,0
5.77E+17,0,0,0,0,0,0,0,0,1,0,0,0,0
5.77E+17,0,0,0,0,0,0,0,0,0,0,0,1,0
5.77E+17,0,0,0,0,0,0,1,0,0,0,0,0,0
5.77E+17,0,0,0,0,0,0,0,1,0,0,0,0,0
5.77E+17,0,0,0,0,0,0,0,1,0,0,0,0,0
5.77E+17,0,0,0,0,0,0,0,1,0,0,0,0,0
5.78E+17,0,0,0,0,0,0,0,0,0,0,0,1,0
5.78E+17,0,0,0,0,0,0,0,0,0,0,0,1,0
5.78E+17,0,0,0,0,1,0,0,0,0,0,0,0,0
5.78E+17,0,0,0,1,0,0,0,0,0,0,0,0,0
5.78E+17,0,0,0,1,0,0,0,0,0,0,0,0,0
5.78E+17,0,0,0,0,0,0,0,0,1,0,0,0,0
5.78E+17,0,0,0,0,0,0,0,0,1,0,0,0,0
5.78E+17,0,0,0,0,0,0,0,0,1,0,0,0,0
5.78E+17,0,0,0,0,0,0,0,0,0,0,0,0,1
5.78E+17,0,0,0,1,0,0,0,0,0,0,0,0,0
5.78E+17,0,0,0,0,0,0,0,0,0,0,0,0,1
5.78E+17,0,0,0,0,0,0,0,0,1,0,0,0,0
5.79E+17,0,0,0,0,0,1,0,0,0,0,0,0,0
5.79E+17,0,0,0,0,0,1,0,0,0,0,0,0,0
5.79E+17,0,0,0,0,0,1,0,0,0,0,0,0,0
5.79E+17,0,0,0,0,0,0,0,1,0,0,0,0,0
5.79E+17,0,0,0,0,0,0,0,1,0,0,0,0,0
5.79E+17,0,0,0,0,1,0,0,0,0,0,0,0,0
5.79E+17,0,0,0,0,0,0,0,0,1,0,0,0,0
5.79E+17,0,0,0,0,0,0,0,0,0,0,0,1,0
5.79E+17,0,0,0,1,0,1,0,0,0,0,0,0,0
5.80E+17,0,0,0,0,1,0,0,0,0,0,0,0,0
5.80E+17,0,0,0,0,0,0,0,0,0,0,0,0,1
5.81E+17,0,0,0,0,0,0,1,0,0,0,0,0,0
5.81E+17,0,0,0,0,0,0,1,0,0,0,0,0,0
5.81E+17,0,0,0,0,0,0,0,0,0,1,0,0,0
5.81E+17,0,1,0,0,0,0,0,0,0,0,0,0,0
5.81E+17,0,0,0,0,0,1,0,0,0,0,0,0,0
5.81E+17,0,0,1,0,0,0,0,0,0,0,0,0,0
5.81E+17,0,0,0,1,0,0,0,0,0,0,0,0,0
5.82E+17,0,1,0,0,0,0,0,0,0,0,0,0,0
5.82E+17,0,0,0,0,0,0,0,0,0,0,0,1,0
5.82E+17,0,0,0,0,0,0,0,0,0,0,0,1,0
5.82E+17,0,0,0,0,1,0,0,0,0,0,0,0,0
5.82E+17,0,1,0,0,0,0,0,0,0,0,0,0,0
5.82E+17,0,0,0,1,0,0,0,0,0,0,0,0,0
5.82E+17,0,0,0,1,0,0,0,0,0,0,0,0,0
5.82E+17,0,0,0,0,0,0,0,0,0,0,0,1,0
5.82E+17,0,0,0,0,1,0,0,0,0,0,0,0,0
5.82E+17,0,0,0,0,0,0,1,0,0,0,0,0,0
5.82E+17,0,0,0,0,0,1,0,0,0,0,0,0,0
5.82E+17,0,0,0,0,0,0,0,1,0,0,0,0,0
5.82E+17,0,0,0,0,0,0,0,1,0,0,0,0,0
5.82E+17,0,0,0,0,1,0,0,0,0,0,0,0,0
5.82E+17,0,0,0,0,1,0,0,0,0,0,0,0,0
5.82E+17,0,0,0,0,0,0,0,0,0,1,0,0,0
5.82E+17,0,0,0,0,0,0,0,0,0,0,0,1,0
5.83E+17,0,0,0,1,0,0,0,0,0,0,0,0,0
5.83E+17,0,0,0,0,0,0,0,0,0,0,0,1,0
5.83E+17,0,0,1,0,0,0,0,0,0,0,0,0,0
5.83E+17,0,0,0,0,0,0,0,0,0,0,1,0,0
5.83E+17,0,0,0,0,0,0,0,0,0,0,0,1,0
5.83E+17,0,0,0,0,0,0,0,0,0,0,0,0,0
5.83E+17,0,0,0,0,0,0,0,0,0,0,0,0,0
5.84E+17,0,0,0,0,0,0,0,0,0,0,0,1,0
5.84E+17,0,0,0,0,0,0,1,0,0,0,0,0,0
5.84E+17,0,0,0,0,0,0,0,0,0,0,0,0,1
5.84E+17,0,0,0,1,0,0,0,0,0,0,0,0,0
5.84E+17,0,0,0,0,0,0,0,0,0,0,0,1,0
5.85E+17,0,0,0,0,0,0,0,0,0,0,0,0,1
5.85E+17,0,1,0,0,0,0,0,0,0,0,0,0,0
5.85E+17,0,0,1,0,0,0,0,0,0,0,0,0,0
5.85E+17,0,0,0,0,0,0,0,0,0,0,0,0,1
5.85E+17,0,0,0,0,0,0,0,0,0,0,1,0,0
5.85E+17,0,0,0,0,0,0,0,0,0,0,0,0,1
5.85E+17,0,0,0,0,0,0,0,0,0,0,0,1,0
5.85E+17,0,0,0,0,0,0,0,0,1,0,0,0,0
5.85E+17,0,1,0,0,0,0,0,0,0,0,0,0,0
5.85E+17,0,0,0,0,0,0,0,0,0,0,0,0,1
5.85E+17,0,0,0,0,0,0,0,0,0,1,0,0,0
5.85E+17,0,0,0,1,0,0,0,0,0,0,0,0,0
5.86E+17,0,0,0,0,0,0,0,1,0,0,0,0,0
5.86E+17,0,0,0,0,0,0,0,0,0,0,0,1,0
5.86E+17,0,0,0,0,0,0,0,1,0,0,0,0,0
5.86E+17,0,0,0,0,0,0,0,1,0,0,0,0,0
5.86E+17,0,0,0,0,0,0,0,0,1,0,0,0,0
5.86E+17,0,0,0,0,0,0,0,0,0,0,0,0,1
5.86E+17,0,0,0,0,0,0,0,0,0,1,0,0,0
5.86E+17,0,0,0,0,1,0,0,0,0,0,0,0,0
5.86E+17,0,0,0,1,0,0,0,0,0,0,0,0,0
5.86E+17,0,0,0,0,0,0,0,0,0,0,0,0,1
5.86E+17,0,0,0,0,0,0,0,0,0,0,0,0,1
5.86E+17,0,0,0,0,0,1,0,0,0,0,0,0,0
5.86E+17,0,0,0,0,0,1,0,0,0,0,0,0,0
5.86E+17,0,0,0,0,0,0,0,1,0,0,0,0,0
5.87E+17,0,0,0,1,0,0,0,0,0,0,0,0,0
5.87E+17,0,0,0,0,0,0,0,0,0,0,0,1,0
5.88E+17,0,0,0,0,1,0,0,0,0,0,0,0,0
5.88E+17,0,0,0,0,0,0,0,1,0,0,0,0,0
5.88E+17,0,0,0,0,1,0,0,0,0,0,0,0,0
5.88E+17,0,0,0,0,0,0,0,0,0,0,0,0,1
5.88E+17,0,0,0,0,0,0,0,0,0,0,1,0,0
5.88E+17,0,0,0,0,1,0,0,0,0,0,0,0,0
5.88E+17,0,0,0,1,0,0,0,0,0,0,0,0,0
5.88E+17,0,0,0,0,0,1,0,0,0,0,0,0,0
5.88E+17,0,0,0,0,0,0,0,0,0,0,0,1,0
5.88E+17,0,0,0,1,0,0,0,0,0,0,0,0,0
5.88E+17,0,0,0,0,0,0,0,0,1,0,0,0,0
5.88E+17,0,0,0,0,1,0,0,0,0,0,0,0,0
5.88E+17,0,0,0,0,1,0,0,0,0,0,0,0,0
5.88E+17,0,0,0,0,0,0,0,1,0,0,0,0,0
5.88E+17,0,0,1,0,0,0,0,0,0,0,0,0,0
5.88E+17,0,0,0,0,0,0,0,0,0,0,0,0,1
5.88E+17,0,0,0,0,0,0,0,0,0,0,0,1,0
5.88E+17,0,0,0,0,0,0,0,0,1,0,0,0,0
5.88E+17,0,0,0,0,0,0,0,0,0,0,0,1,0
5.88E+17,0,0,0,0,0,0,0,0,0,1,0,0,0
5.88E+17,0,0,0,0,1,0,0,0,0,0,0,0,0
5.88E+17,0,0,0,0,0,0,0,0,0,1,0,0,0
5.88E+17,0,0,0,0,0,0,0,0,0,0,0,0,1
5.88E+17,0,0,0,1,0,0,0,0,0,0,0,0,0
5.88E+17,0,0,1,0,0,0,0,0,0,0,0,0,0
5.88E+17,0,0,0,0,0,0,0,0,1,0,0,0,0
5.89E+17,0,0,0,0,0,0,1,0,0,0,0,0,0
5.89E+17,0,0,0,0,1,0,0,0,0,0,0,0,0
5.89E+17,0,0,0,0,0,0,0,0,0,0,0,0,1
5.89E+17,0,0,0,1,0,0,0,0,0,0,0,0,0
5.89E+17,0,0,0,0,0,0,0,0,0,1,0,0,0
5.89E+17,0,1,0,0,0,0,0,0,0,0,0,0,0
5.90E+17,0,0,0,0,0,0,0,1,0,0,0,0,0
5.90E+17,0,0,0,1,0,0,0,0,0,0,0,0,0
5.90E+17,0,1,0,0,0,0,0,0,0,0,0,0,0
5.90E+17,0,0,0,0,0,0,0,1,0,0,0,0,0
5.90E+17,0,0,0,1,0,0,0,0,0,0,0,0,0
5.90E+17,0,0,0,0,0,0,1,0,0,0,0,0,0
5.90E+17,0,0,0,0,0,0,0,1,0,0,0,0,0
5.90E+17,0,0,0,0,0,0,0,0,0,0,0,1,0
5.90E+17,0,0,0,0,0,0,0,0,0,0,0,1,0
5.90E+17,0,0,0,0,0,0,0,1,0,0,0,0,0
5.90E+17,1,0,0,0,0,0,0,0,0,0,0,0,0
5.90E+17,0,0,0,0,1,0,0,0,0,0,0,0,0
5.90E+17,0,0,0,0,0,1,0,0,0,0,0,0,0
5.90E+17,0,0,0,0,0,0,0,0,0,0,0,0,1
5.90E+17,0,0,0,0,0,0,0,0,0,1,0,0,0
5.90E+17,0,0,0,0,0,0,1,0,0,0,0,0,0
5.91E+17,0,0,0,0,0,0,0,0,0,0,0,0,1
5.91E+17,0,0,0,1,0,0,0,0,0,0,0,0,0
5.91E+17,0,0,0,0,0,0,0,0,0,0,0,1,0
5.91E+17,0,0,0,0,0,0,0,0,1,0,0,0,0
5.91E+17,0,0,0,0,0,0,0,0,0,0,0,1,0
5.91E+17,0,0,0,1,0,0,0,0,0,0,0,0,0
5.91E+17,0,0,0,0,0,0,0,0,0,0,0,0,1
5.91E+17,0,0,0,0,0,0,0,0,1,0,0,0,0
5.91E+17,0,0,0,1,0,0,0,0,0,0,0,0,0
5.91E+17,0,0,0,0,1,0,0,0,0,0,0,0,0
5.91E+17,0,0,0,0,0,0,0,0,1,0,0,0,0
5.91E+17,0,0,0,0,0,0,0,0,0,1,0,0,0
5.91E+17,0,0,0,0,0,0,0,0,1,0,0,0,0
5.91E+17,0,0,0,0,0,0,0,0,0,0,0,1,0
5.91E+17,1,0,0,0,0,0,0,0,0,0,0,0,0
5.92E+17,0,0,0,1,0,0,0,0,0,0,0,0,0
5.92E+17,0,0,0,0,0,0,0,1,0,0,0,0,0
5.92E+17,0,0,0,1,0,0,0,0,0,0,0,0,0
5.92E+17,0,0,0,0,0,0,0,0,0,0,1,0,0
5.92E+17,0,0,0,0,0,0,0,0,0,0,0,0,1
5.92E+17,0,0,0,0,0,0,1,0,0,0,0,0,0
5.92E+17,0,0,0,1,0,0,0,0,0,0,0,0,0
5.92E+17,0,0,0,1,0,0,0,0,0,0,0,0,0
5.92E+17,0,0,0,0,0,0,0,0,0,0,0,1,0
5.92E+17,0,0,0,0,0,0,0,0,0,0,0,1,0
5.92E+17,0,0,0,0,1,0,0,0,0,0,0,0,0
5.92E+17,0,0,0,0,0,0,0,0,0,0,0,0,1
5.92E+17,0,0,0,0,0,0,0,0,0,0,0,0,1
5.92E+17,0,0,0,0,0,0,0,0,0,1,0,0,0
5.92E+17,0,0,0,0,0,0,0,0,0,0,0,0,1
5.92E+17,0,0,0,0,1,0,0,0,0,0,0,0,0
5.92E+17,0,0,0,0,0,0,0,1,0,0,0,0,0
5.92E+17,0,0,0,0,1,0,0,0,0,0,0,0,0
5.92E+17,0,0,0,0,0,1,0,0,0,0,0,0,0
5.92E+17,0,0,0,0,0,0,0,0,0,1,0,0,0
5.92E+17,0,0,0,0,0,0,0,0,0,1,0,0,0
5.93E+17,0,0,0,0,0,0,0,0,1,0,0,0,0
5.93E+17,0,0,0,1,0,0,0,0,0,0,0,0,0
5.93E+17,0,0,0,1,0,0,0,0,0,0,0,0,0
5.93E+17,0,0,0,0,0,0,0,0,0,1,0,0,0
5.93E+17,0,0,0,0,0,1,0,0,0,0,0,0,0
5.93E+17,0,0,0,0,0,0,0,0,0,0,0,0,1
5.93E+17,0,0,0,0,0,0,1,0,0,0,0,0,0
5.93E+17,0,0,0,0,0,0,0,0,0,0,0,0,1
5.93E+17,0,0,0,0,1,0,0,0,0,0,0,0,0
5.93E+17,0,0,0,0,0,0,0,0,1,0,0,0,0
5.93E+17,0,0,0,0,0,0,0,0,1,0,0,0,0
5.93E+17,0,0,0,0,0,0,0,0,1,0,0,0,0
5.93E+17,0,0,0,0,0,0,0,0,0,0,1,0,0
5.93E+17,0,1,0,0,0,0,0,0,0,0,0,0,0
5.93E+17,0,1,0,0,0,0,0,0,0,0,0,0,0
5.93E+17,0,0,0,0,0,0,1,0,0,0,0,0,0
5.93E+17,0,0,0,0,0,0,0,0,1,0,0,0,0
5.93E+17,0,1,0,0,0,0,0,0,0,0,0,0,0
5.93E+17,0,0,0,0,0,1,0,0,0,0,0,0,0
5.93E+17,0,0,0,0,0,0,0,0,0,0,0,0,1
5.93E+17,0,0,0,0,0,0,0,0,0,1,0,0,0
5.93E+17,0,0,0,1,0,0,0,0,0,0,0,0,0
5.93E+17,0,0,0,0,0,0,0,0,0,0,0,1,0
5.93E+17,0,0,0,1,0,0,0,0,0,0,0,0,0
5.93E+17,0,0,0,0,0,0,1,0,0,0,0,0,0
5.93E+17,0,0,0,0,0,0,0,0,0,1,0,0,0
5.93E+17,0,1,0,0,0,0,0,0,0,0,0,0,0
5.93E+17,0,0,0,0,0,0,0,0,0,0,0,0,1
5.93E+17,0,0,0,0,0,0,0,0,1,0,0,0,0
5.93E+17,0,0,0,0,1,0,0,0,0,0,0,0,0
1966441171,0,0,0,0,1,0,0,0,0,0,0,0,0
1693956175,1,0,0,0,0,0,0,0,0,0,0,0,0
1693956189,0,0,0,0,0,1,0,0,0,0,0,0,0
1693956239,0,0,0,1,0,0,0,0,0,0,0,0,0
1693956292,0,0,0,1,0,0,0,0,0,0,0,0,0
1693956462,0,0,0,0,0,0,0,0,0,1,0,0,0
1693956520,0,0,0,0,1,0,0,0,0,0,0,0,0
1693956545,0,0,0,0,0,0,1,0,0,0,0,0,0
1693956612,0,0,1,0,0,0,0,0,0,0,0,0,0
1693956638,0,0,0,0,0,0,1,0,0,0,0,0,0
1693956680,0,0,1,0,0,0,0,0,0,0,0,0,0
1693956708,0,0,0,0,0,0,1,0,0,0,0,0,0
1693956727,0,0,0,0,0,0,0,1,0,0,0,0,0
1693956828,0,0,0,1,0,0,0,0,0,0,0,0,0
1693956829,0,0,0,0,0,1,0,0,0,0,0,0,0
1693956875,0,0,0,1,0,0,0,0,0,0,0,0,0
1693956889,0,0,0,1,0,0,0,0,0,0,0,0,0
1693957015,0,0,0,0,0,0,0,0,0,1,0,0,0
1693957082,0,0,0,1,0,0,0,0,0,0,0,0,0
1693957194,0,0,0,1,0,0,0,0,0,0,0,0,0
1693957214,0,0,0,0,0,0,0,0,0,1,0,0,0
1693957230,0,0,0,0,0,0,0,0,0,1,0,0,0
1693957263,0,0,0,0,0,0,0,0,0,1,0,0,0
1693957307,0,0,0,0,0,0,0,0,0,1,0,0,0
1693957315,0,0,0,0,0,0,1,0,0,0,0,0,0
1693957402,0,0,0,0,0,0,0,1,0,0,0,0,0
1693957410,0,0,0,0,1,0,0,0,0,0,0,0,0
1693957440,0,0,0,0,0,0,1,0,0,0,0,0,0
1693957485,0,0,0,0,0,0,0,0,1,0,0,0,0
1693957495,0,0,0,0,1,0,0,0,0,0,0,0,0
1693957516,0,0,0,0,0,1,0,0,0,0,0,0,0
1693957562,0,0,0,0,0,0,0,0,0,1,0,0,0
1693957612,0,0,0,1,0,0,0,0,0,0,0,0,0
1693957628,0,0,0,0,0,0,0,1,0,0,0,0,0
1693957642,0,0,0,0,0,0,0,0,0,1,0,0,0
1693957765,0,0,0,0,0,0,0,0,0,1,0,0,0
1693957847,0,0,0,0,1,0,0,0,0,0,0,0,0
1693957892,0,0,0,1,0,0,0,0,0,0,0,0,0
1693957937,0,0,0,1,0,0,0,0,0,0,0,0,0
1693957972,0,0,0,0,1,0,0,0,0,0,0,0,0
1693958107,0,0,0,0,0,0,1,0,0,0,0,0,0
1693958143,0,0,0,1,0,0,0,0,0,0,0,0,0
1693958182,0,0,0,0,0,0,0,0,0,1,0,0,0
1693958195,0,0,0,0,0,0,0,0,0,1,0,0,0
1693958243,0,0,0,0,0,0,0,0,0,0,0,1,0
1693958257,0,0,0,0,0,0,1,0,0,0,0,0,0
1693958278,0,0,0,1,0,0,0,0,0,0,0,0,0
1693958295,0,0,0,0,0,0,1,0,0,0,0,0,0
1693958349,0,0,0,0,0,0,0,1,0,0,0,0,0
1693958360,0,0,0,0,0,0,1,0,0,0,0,0,0
1693958432,0,0,0,1,0,0,0,0,0,0,0,0,0
1693958433,0,0,0,0,0,0,0,0,0,1,0,0,0
1693958455,0,0,0,1,0,0,0,0,0,0,0,0,0
1693958558,0,0,0,1,0,0,0,0,0,0,0,0,0
1693974670,0,0,0,0,0,1,0,0,0,0,0,0,0
1693974700,0,0,0,0,0,0,0,0,0,1,0,0,0
1693974719,0,0,0,1,0,0,0,0,0,0,0,0,0
1693974796,0,0,0,0,0,0,0,0,0,0,0,1,0
1693974800,0,0,0,0,0,0,0,0,0,1,0,0,0
1693974908,0,0,0,0,0,1,0,0,0,0,0,0,0
1693974979,0,0,0,0,0,0,0,1,0,0,0,0,0
1693975029,0,0,0,0,0,0,0,0,0,1,0,0,0
1693975038,0,0,0,0,1,0,0,0,0,0,0,0,0
1693975041,0,0,0,1,0,0,0,0,0,0,0,0,0
1693975056,0,1,0,0,0,0,0,0,0,0,0,0,0
1693975266,0,0,0,1,0,0,0,0,0,0,0,0,0
1693975310,0,0,0,0,0,0,1,0,0,0,0,0,0
1693975360,0,0,0,0,0,0,0,0,0,1,0,0,0
1693975368,0,0,0,0,0,0,1,0,0,0,0,0,0
1693975383,0,0,0,0,1,0,0,0,0,0,0,0,0
1693975415,0,0,0,0,1,0,0,0,0,0,0,0,0
1693975539,0,1,0,0,0,0,0,0,0,0,0,0,0
1693975573,0,0,0,1,0,0,0,0,0,0,0,0,0
1693975586,0,0,0,1,0,0,0,0,0,0,0,0,0
1693975600,0,0,0,0,0,0,0,0,0,1,0,0,0
1693975803,0,0,0,0,0,0,1,0,0,0,0,0,0
1693975852,0,0,0,0,0,0,0,0,0,1,0,0,0
1693975866,0,0,0,0,1,0,0,0,0,0,0,0,0
1693975909,0,0,0,1,0,0,0,0,0,0,0,0,0
1693975956,0,0,0,0,1,0,0,0,0,0,0,0,0
1693975958,0,0,0,0,0,1,0,0,0,0,0,0,0
1693975974,0,0,0,0,0,0,0,0,0,1,0,0,0
1693975992,0,0,0,0,0,0,0,0,0,1,0,0,0
1693976005,0,0,0,0,0,0,0,0,0,1,0,0,0
1693976025,0,0,0,1,0,0,0,0,0,0,0,0,0
1693976069,0,0,0,0,0,0,0,1,0,0,0,0,0
1693976075,0,0,0,0,0,1,0,0,0,0,0,0,0
1693976113,0,0,0,0,1,0,0,0,0,0,0,0,0
1693976171,0,0,0,0,0,0,1,0,0,0,0,0,0
1693976179,0,0,0,0,0,0,0,0,0,0,0,1,0
1693976205,0,0,0,0,0,0,0,1,0,0,0,0,0
1693976225,0,0,0,0,1,0,0,0,0,0,0,0,0
1693976238,0,0,0,0,0,0,0,0,0,1,0,0,0
1693976267,0,0,0,1,0,0,0,0,0,0,0,0,0
1693976293,0,0,0,0,0,0,1,0,0,0,0,0,0
1693976321,0,0,0,0,0,0,0,0,0,1,0,0,0
1693976364,0,0,0,1,0,0,0,0,0,0,0,0,0
1693976393,0,0,0,0,1,0,0,0,0,0,0,0,0
1693976403,0,0,0,0,0,0,0,0,0,1,0,0,0
1693976427,0,0,0,0,0,0,0,0,1,0,0,0,0
1693976573,0,0,0,0,0,0,0,0,1,0,0,0,0
1693976576,0,0,0,0,0,0,0,0,0,1,0,0,0
1693976578,0,0,0,0,0,0,0,0,0,1,0,0,0
1693976721,0,0,0,0,0,0,0,0,1,0,0,0,0
1693976752,0,0,0,0,1,0,0,0,0,0,0,0,0
1693976828,0,0,0,0,0,0,1,0,0,0,0,0,0
1693976937,0,0,0,1,0,0,0,0,0,0,0,0,0
1693976941,0,0,0,0,0,0,1,0,0,0,0,0,0
1693976959,0,0,0,0,0,0,0,0,0,0,0,1,0
1693976979,0,0,0,0,0,0,0,1,0,0,0,0,0
1693977132,0,0,0,0,0,0,0,0,0,1,0,0,0
1693977139,0,1,0,0,0,0,0,0,0,0,0,0,0
1693977200,0,0,0,0,0,0,0,0,0,0,0,1,0
1693977272,0,0,0,0,1,0,0,0,0,0,0,0,0
1693977288,0,0,0,0,0,0,0,0,0,1,0,0,0
1693977298,0,0,0,0,0,0,0,0,0,1,0,0,0
1693977324,0,0,0,1,0,0,0,0,0,0,0,0,0
1693977333,0,0,0,0,0,0,0,0,0,0,0,1,0
1693977353,0,0,0,0,0,0,0,0,0,1,0,0,0
1693977357,0,0,0,1,0,0,0,0,0,0,0,0,0
1693977418,0,0,0,0,1,0,0,0,0,0,0,0,0
1693977436,0,0,0,1,0,0,0,0,0,0,0,0,0
1693977535,0,0,0,0,0,0,0,0,0,1,0,0,0
1693977559,0,0,0,0,1,0,0,0,0,0,0,0,0
1693977656,0,0,1,0,0,0,0,0,0,0,0,0,0
1693977783,0,0,0,0,0,0,0,0,0,1,0,0,0
1693977796,0,0,0,0,0,1,0,0,0,0,0,0,0
1693977819,0,0,0,0,0,0,0,0,0,0,0,1,0
1693977921,0,0,0,0,0,0,1,0,0,0,0,0,0
1693977922,0,0,0,1,0,0,0,0,0,0,0,0,0
1693977933,0,0,0,0,0,0,1,0,0,0,0,0,0
1693977942,0,0,0,0,0,0,1,0,0,0,0,0,0
1693977966,0,0,0,0,1,0,0,0,0,0,0,0,0
1693977967,0,0,0,0,0,1,0,0,0,0,0,0,0
1693978045,0,0,0,0,0,0,0,1,0,0,0,0,0
1693978093,0,0,0,1,0,0,0,0,0,0,0,0,0
1693978195,0,0,0,1,0,0,0,0,0,0,0,0,0
1693978294,0,0,0,1,0,0,0,0,0,0,0,0,0
1693978343,0,0,0,1,0,0,0,0,0,0,0,0,0
1693978375,0,0,0,1,0,0,0,0,0,0,0,0,0
1693978397,0,0,0,0,0,0,1,0,0,0,0,0,0
1693978463,0,0,0,0,0,0,1,0,0,0,0,0,0
1693978519,0,0,0,0,1,0,0,0,0,0,0,0,0
1693978578,0,0,0,0,0,1,0,0,0,0,0,0,0
1693978774,0,0,0,0,0,0,0,0,0,1,0,0,0
1693978789,0,0,0,1,0,0,0,0,0,0,0,0,0
1693978840,0,0,0,0,0,1,0,0,0,0,0,0,0
1693978860,0,0,0,0,0,0,0,0,0,1,0,0,0
1693978969,0,0,0,1,0,0,0,0,0,0,0,0,0
1693978976,0,0,0,0,0,0,0,0,0,0,0,1,0
1693979003,0,0,0,1,0,0,0,0,0,0,0,0,0
1693979009,0,0,0,0,0,0,0,0,0,1,0,0,0
1693994724,0,0,0,1,0,0,0,0,0,0,0,0,0
1693994772,0,0,0,0,0,0,0,0,0,1,0,0,0
1693994840,0,0,0,1,0,0,0,0,0,0,0,0,0
1693994848,0,0,0,0,0,0,0,0,0,1,0,0,0
1693994899,0,0,0,0,1,0,0,0,0,0,0,0,0
1693994912,0,0,0,0,0,0,1,0,0,0,0,0,0
1693994946,0,0,0,0,0,0,1,0,0,0,0,0,0
1693994952,0,0,0,0,1,0,0,0,0,0,0,0,0
1693994991,0,0,0,1,0,0,0,0,0,0,0,0,0
1693994998,0,0,0,1,0,0,0,0,0,0,0,0,0
1693995013,0,0,0,1,0,0,0,0,0,0,0,0,0
1693995073,0,0,0,0,0,0,0,0,0,0,0,1,0
1693995083,0,0,0,0,0,0,0,1,0,0,0,0,0
1693995090,0,0,0,0,0,0,0,0,0,1,0,0,0
1693995093,0,0,0,0,0,0,0,1,0,0,0,0,0
1693995098,0,0,0,0,0,1,0,0,0,0,0,0,0
1693995108,0,1,0,0,0,0,0,0,0,0,0,0,0
1693995118,0,1,0,0,0,0,0,0,0,0,0,0,0
1693995176,0,0,0,1,0,0,0,0,0,0,0,0,0
1693995223,0,0,0,0,0,1,0,0,0,0,0,0,0
1693995249,0,0,0,0,0,0,0,0,0,1,0,0,0
1693995322,0,0,0,1,0,0,0,0,0,0,0,0,0
1693995333,0,0,0,0,1,0,0,0,0,0,0,0,0
1693995346,0,1,0,0,0,0,0,0,0,0,0,0,0
1693995368,0,0,0,0,0,1,0,0,0,0,0,0,0
1693995415,0,1,0,0,0,0,0,0,0,0,0,0,0
1693995442,0,1,0,0,0,0,0,0,0,0,0,0,0
1693995457,0,0,0,1,0,0,0,0,0,0,0,0,0
1693995464,0,0,0,0,0,0,1,0,0,0,0,0,0
1693995537,0,0,0,0,0,0,0,0,0,0,0,1,0
1693995626,0,0,0,0,0,0,0,0,0,1,0,0,0
1693995655,0,0,0,1,0,0,0,0,0,0,0,0,0
1693995743,0,0,0,1,0,0,0,0,0,0,0,0,0
1693995762,0,0,0,0,0,0,0,0,0,1,0,0,0
1693995816,0,0,0,1,0,0,0,0,0,0,0,0,0
1693995832,0,0,0,0,1,0,0,0,0,0,0,0,0
1693995838,0,0,0,0,0,1,0,0,0,0,0,0,0
1693995855,0,1,0,0,0,0,0,0,0,0,0,0,0
1693995916,0,0,0,0,0,0,0,0,0,1,0,0,0
1693995975,0,0,0,0,0,0,0,1,0,0,0,0,0
1693995992,0,0,0,0,0,0,0,1,0,0,0,0,0
1693996020,0,0,0,0,0,0,0,0,0,1,0,0,0
1693996029,0,1,0,0,0,0,0,0,0,0,0,0,0
1693996048,0,0,0,1,0,0,0,0,0,0,0,0,0
1693996152,0,0,0,1,0,0,0,0,0,0,0,0,0
1693996153,0,0,0,1,0,0,0,0,0,0,0,0,0
1693996217,0,0,0,0,0,0,0,0,0,1,0,0,0
1693996268,0,0,0,0,0,0,0,0,0,1,0,0,0
1693996271,0,0,0,1,0,0,0,0,0,0,0,0,0
1693996317,0,0,0,1,0,0,0,0,0,0,0,0,0
1693996338,0,0,0,0,0,0,0,0,0,0,0,1,0
1693996358,0,0,0,0,1,0,0,0,0,0,0,0,0
1693996375,0,0,0,0,0,1,0,0,0,0,0,0,0
1693996722,0,0,0,0,0,0,1,0,0,0,0,0,0
1693996776,0,0,0,0,0,0,0,0,0,1,0,0,0
1693996800,0,0,0,0,0,0,0,1,0,0,0,0,0
1693996812,0,0,0,0,0,0,0,0,0,1,0,0,0
1693996885,0,0,0,0,0,0,0,0,0,0,0,1,0
1693996936,0,0,1,0,0,0,0,0,0,0,0,0,0
1693997007,0,0,0,0,0,0,0,0,0,1,0,0,0
1693997014,0,0,0,0,0,0,1,0,0,0,0,0,0
1693997037,0,0,0,0,0,0,0,0,1,0,0,0,0
1693997042,0,0,0,0,0,0,0,0,0,1,0,0,0
1693997109,0,0,0,0,1,0,0,0,0,0,0,0,0
1693997133,0,0,0,0,0,0,0,0,0,1,0,0,0
1693997187,0,0,0,0,0,0,0,0,0,1,0,0,0
1693997206,0,0,0,1,0,0,0,0,0,0,0,0,0
1693997207,0,1,0,0,0,0,0,0,0,0,0,0,0
1693997236,0,0,0,0,0,0,0,0,0,0,0,1,0
1693997278,0,0,0,0,0,0,1,0,0,0,0,0,0
1693997318,0,1,0,0,0,0,0,0,0,0,0,0,0
1693997384,0,0,0,0,0,0,0,0,1,0,0,0,0
1693997413,0,0,0,1,0,0,0,0,0,0,0,0,0
1693997424,0,0,0,0,0,0,0,0,0,0,0,1,0
1693997507,0,0,0,1,0,0,0,0,0,0,0,0,0
1693997524,0,0,0,1,0,0,0,0,0,0,0,0,0
1693997542,0,0,0,0,0,0,1,0,0,0,0,0,0
1693997567,0,0,0,1,0,0,0,0,0,0,0,0,0
1693997645,0,0,0,1,0,0,0,0,0,0,0,0,0
1693997723,0,0,0,0,0,0,0,1,0,0,0,0,0
1693997778,0,0,0,0,0,0,1,0,0,0,0,0,0
1693997840,0,0,0,1,0,0,0,0,0,0,0,0,0
1693997893,0,0,0,0,0,0,1,0,0,0,0,0,0
1693997942,0,0,0,1,0,0,0,0,0,0,0,0,0
1693997992,0,0,0,1,0,0,0,0,0,0,0,0,0
1693998023,0,0,0,0,0,0,0,0,0,0,0,1,0
1693998094,0,0,1,0,0,0,0,0,0,0,0,0,0
1693998110,0,0,0,0,0,0,0,0,0,1,0,0,0
1693998122,0,0,0,0,0,0,0,1,0,0,0,0,0
1693998198,0,0,0,0,0,0,0,0,0,1,0,0,0
1693998372,0,0,0,0,0,1,0,0,0,0,0,0,0
1693998406,0,0,1,0,0,0,0,0,0,0,0,0,0
1693998536,0,0,0,0,1,0,0,0,0,0,0,0,0
1693998542,0,0,0,1,0,0,0,0,0,0,0,0,0
1693998575,0,0,0,0,0,0,1,0,0,0,0,0,0
1693998597,0,0,0,0,0,0,0,1,0,0,0,0,0
1694013018,0,0,0,1,0,0,0,0,0,0,0,0,0
1694013084,0,0,0,1,0,0,0,0,0,0,0,0,0
1694013106,0,0,0,0,0,0,0,0,0,1,0,0,0
1694013114,0,0,0,1,0,0,0,0,0,0,0,0,0
1694013136,0,0,0,0,0,0,0,0,0,0,0,1,0
1694013141,0,0,0,1,0,0,0,0,0,0,0,0,0
1694013153,0,0,0,0,0,0,0,0,0,1,0,0,0
1694013199,0,0,0,0,1,0,0,0,0,0,0,0,0
1694013263,0,0,0,0,0,0,1,0,0,0,0,0,0
1694013284,0,0,0,0,0,0,1,0,0,0,0,0,0
1694013301,0,0,0,0,0,0,0,0,0,0,0,1,0
1694013304,0,0,0,1,0,0,0,0,0,0,0,0,0
1694013371,0,0,0,1,0,0,0,0,0,0,0,0,0
1694013504,0,0,0,1,0,0,0,0,0,0,0,0,0
1694013519,0,0,0,0,0,1,0,0,0,0,0,0,0
1694013577,0,0,0,0,1,0,0,0,0,0,0,0,0
1694013584,0,0,0,1,0,0,0,0,0,0,0,0,0
1694013591,0,0,0,0,0,0,0,0,0,1,0,0,0
1694013630,0,0,0,1,0,0,0,0,0,0,0,0,0
1694013641,0,0,0,0,0,0,0,0,0,1,0,0,0
1694013668,0,0,0,0,0,0,0,0,0,1,0,0,0
1694013685,0,0,0,0,0,0,1,0,0,0,0,0,0
1694013745,0,0,0,0,1,0,0,0,0,0,0,0,0
1694013773,0,1,0,0,0,0,0,0,0,0,0,0,0
1694013866,0,0,0,0,0,0,0,0,0,1,0,0,0
1694014043,0,0,0,0,0,0,1,0,0,0,0,0,0
1694014056,0,0,0,1,0,0,0,0,0,0,0,0,0
1694014092,0,0,0,1,0,0,0,0,0,0,0,0,0
1694014105,0,0,0,0,0,0,0,0,0,1,0,0,0
1694014146,0,0,0,1,0,0,0,0,0,0,0,0,0
1694014165,0,0,0,0,0,1,0,0,0,0,0,0,0
1694014188,0,0,0,1,0,0,0,0,0,0,0,0,0
1694014215,0,0,0,0,0,0,1,0,0,0,0,0,0
1694014254,0,0,0,0,0,0,1,0,0,0,0,0,0
1694014270,0,0,0,0,1,0,0,0,0,0,0,0,0
1694014318,0,0,0,1,0,0,0,0,0,0,0,0,0
1694014328,0,0,0,1,0,0,0,0,0,0,0,0,0
1694014476,0,1,0,0,0,0,0,0,0,0,0,0,0
1694014566,0,0,0,0,0,0,1,0,0,0,0,0,0
1694014610,0,0,0,1,0,0,0,0,0,0,0,0,0
1694014630,0,0,0,0,1,0,0,0,0,0,0,0,0
1694014690,0,0,0,1,0,0,0,0,0,0,0,0,0
1694014698,0,1,0,0,0,0,0,0,0,0,0,0,0
1694014711,0,0,0,0,0,1,0,0,0,0,0,0,0
1694014727,0,0,0,0,0,0,0,0,0,1,0,0,0
1694014782,0,0,0,1,0,0,0,0,0,0,0,0,0
1694014784,0,0,0,1,0,0,0,0,0,0,0,0,0
1694014806,0,0,0,1,0,0,0,0,0,0,0,0,0
1694014873,0,0,0,0,0,0,0,0,0,0,0,1,0
1694014894,0,0,0,0,0,0,0,0,0,1,0,0,0
1694014912,0,0,0,1,0,0,0,0,0,0,0,0,0
1694014950,1,0,0,0,0,0,0,0,0,0,0,0,0
1694015081,0,0,0,1,0,0,0,0,0,0,0,0,0
1694015088,0,0,0,1,0,0,0,0,0,0,0,0,0
1694015145,0,0,0,0,0,0,0,0,0,1,0,0,0
1694015148,0,0,0,0,0,0,0,0,0,1,0,0,0
1694015234,0,0,1,0,0,0,0,0,0,0,0,0,0
1694015244,1,0,0,0,0,0,0,0,0,0,0,0,0
1694015281,0,0,0,1,0,0,0,0,0,0,0,0,0
1694015435,0,0,0,0,1,0,0,0,0,0,0,0,0
1694015514,0,0,0,1,0,0,0,0,0,0,0,0,0
1694015536,0,0,0,0,0,0,0,1,0,0,0,0,0
1694015539,0,0,0,1,0,0,0,0,0,0,0,0,0
1694015577,0,0,0,0,0,0,0,1,0,0,0,0,0
1694015657,0,0,0,0,1,0,0,0,0,0,0,0,0
1694015680,0,0,0,0,0,0,0,1,0,0,0,0,0
1694015703,0,0,0,0,0,0,0,1,0,0,0,0,0
1694015743,0,0,0,0,0,0,0,0,0,1,0,0,0
1694015762,0,0,0,0,0,0,0,0,0,1,0,0,0
1694015774,0,0,0,0,0,0,0,0,0,1,0,0,0
1694015795,0,0,1,0,0,0,0,0,0,0,0,0,0
1694015800,0,0,0,0,0,0,0,0,0,0,0,1,0
1694015825,0,0,0,1,0,0,0,0,0,0,0,0,0
1694015832,0,1,0,0,0,0,0,0,0,0,0,0,0
1694015896,1,0,0,0,0,0,0,0,0,0,0,0,0
1694015900,0,0,0,0,0,0,1,0,0,0,0,0,0
1694016004,0,0,0,1,0,0,0,0,0,0,0,0,0
1694016007,0,0,0,1,0,0,0,0,0,0,0,0,0
1694016064,0,0,0,0,1,0,0,0,0,0,0,0,0
1694016121,0,0,1,0,0,0,0,0,0,0,0,0,0
1694016173,0,0,1,0,0,0,0,0,0,0,0,0,0
1694016205,0,0,0,0,0,0,0,0,0,1,0,0,0
1694016373,0,0,0,1,0,0,0,0,0,0,0,0,0
1694016396,0,0,0,0,0,0,0,0,1,0,0,0,0
1694016526,0,0,0,0,0,0,1,0,0,0,0,0,0
1694016874,0,0,0,0,0,0,1,0,0,0,0,0,0
1694016929,0,0,0,0,0,0,0,0,0,1,0,0,0
1694017029,0,0,0,1,0,0,0,0,0,0,0,0,0
1694017043,0,0,0,1,0,0,0,0,0,0,0,0,0
1694017070,0,0,0,1,0,0,0,0,0,0,0,0,0
1694017104,0,0,0,1,0,0,0,0,0,0,0,0,0
1694017165,0,0,0,0,0,0,0,0,0,1,0,0,0
1694017252,0,0,0,0,1,0,0,0,0,0,0,0,0
1694017293,0,0,0,0,0,0,0,0,0,1,0,0,0
1694017418,0,0,0,0,0,0,0,0,0,0,0,1,0
1694017437,0,0,0,0,0,0,0,0,0,1,0,0,0
1694017444,0,0,0,0,0,0,0,0,0,1,0,0,0
1694017552,0,0,0,1,0,0,0,0,0,0,0,0,0
1694017579,0,0,1,0,0,0,0,0,0,0,0,0,0
1694017621,0,0,0,0,0,0,0,0,0,1,0,0,0
1694032346,0,0,0,0,0,0,1,0,0,0,0,0,0
1694032353,0,0,0,0,1,0,0,0,0,0,0,0,0
1694032392,0,0,0,0,0,0,0,0,0,1,0,0,0
1694032499,0,0,0,0,0,0,0,1,0,0,0,0,0
1694032515,0,0,0,1,0,0,0,0,0,0,0,0,0
1694032527,0,0,0,1,0,0,0,0,0,0,0,0,0
1694032536,0,0,0,0,1,0,0,0,0,0,0,0,0
1694032658,0,0,0,1,0,0,0,0,0,0,0,0,0
1694032738,0,0,0,1,0,0,0,0,0,0,0,0,0
1694032772,0,0,0,0,0,0,0,0,0,1,0,0,0
1694032779,0,0,0,1,0,0,0,0,0,0,0,0,0
1694032845,0,0,0,1,0,0,0,0,0,0,0,0,0
1694032876,0,0,0,0,0,0,0,0,0,1,0,0,0
1694032949,0,0,0,0,0,0,0,0,0,0,0,1,0
1694032954,0,0,0,1,0,0,0,0,0,0,0,0,0
1694032968,0,0,0,0,0,0,1,0,0,0,0,0,0
1694032991,0,0,0,0,1,0,0,0,0,0,0,0,0
1694032997,1,0,0,0,0,0,0,0,0,0,0,0,0
1694033006,0,0,0,0,0,1,0,0,0,0,0,0,0
1694033103,0,0,0,0,0,0,0,0,0,1,0,0,0
1694033106,0,0,0,1,0,0,0,0,0,0,0,0,0
1694033113,0,0,0,1,0,0,0,0,0,0,0,0,0
1694033292,0,0,0,0,1,0,0,0,0,0,0,0,0
1694033379,0,0,0,0,0,0,0,0,0,1,0,0,0
1694033409,0,0,0,1,0,0,0,0,0,0,0,0,0
1694033567,0,0,0,1,0,0,0,0,0,0,0,0,0
1694033570,0,0,0,1,0,0,0,0,0,0,0,0,0
1694033593,0,0,0,0,0,1,0,0,0,0,0,0,0
1694033618,0,0,0,0,0,0,1,0,0,0,0,0,0
1694033625,0,0,0,1,0,0,0,0,0,0,0,0,0
1694033628,0,0,0,0,0,0,0,0,0,1,0,0,0
1694033631,0,0,0,0,0,0,0,1,0,0,0,0,0
1694033660,0,0,0,1,0,0,0,0,0,0,0,0,0
1694033663,0,0,0,0,0,0,0,1,0,0,0,0,0
1694033692,0,0,0,0,0,1,0,0,0,0,0,0,0
1694033724,0,0,1,0,0,0,0,0,0,0,0,0,0
1694033769,0,0,0,0,0,0,0,0,0,1,0,0,0
1694033777,0,0,0,0,1,0,0,0,0,0,0,0,0
1694033805,0,0,0,0,0,0,0,0,0,0,1,0,0
1694033843,0,0,0,0,0,0,0,0,0,1,0,0,0
1694033862,0,0,0,0,0,0,1,0,0,0,0,0,0
1694033898,0,0,0,0,0,0,0,1,0,0,0,0,0
1694033932,0,0,0,1,0,0,0,0,0,0,0,0,0
1694033942,0,0,0,1,0,0,0,0,0,0,0,0,0
1694034056,0,0,0,0,0,0,0,0,0,1,0,0,0
1694034070,0,0,0,1,0,0,0,0,0,0,0,0,0
1694034093,0,0,0,0,1,0,0,0,0,0,0,0,0
1694034106,0,0,0,0,0,0,0,0,0,1,0,0,0
1694034112,0,0,0,0,0,1,0,0,0,0,0,0,0
1694034142,0,0,0,0,1,0,0,0,0,0,0,0,0
1694034148,0,0,1,0,0,0,0,0,0,0,0,0,0
1694034198,0,0,0,0,0,0,0,0,0,1,0,0,0
1694034217,0,0,0,0,0,0,1,0,0,0,0,0,0
1694034283,0,0,0,0,1,0,0,0,0,0,0,0,0
1694034316,0,0,0,1,0,0,0,0,0,0,0,0,0
1694034366,0,0,0,1,0,0,0,0,0,0,0,0,0
1694034444,0,0,0,0,0,0,1,0,0,0,0,0,0
1694034451,0,0,0,0,1,0,0,0,0,0,0,0,0
1694034455,0,0,0,0,0,0,0,0,0,1,0,0,0
1694034463,0,0,0,0,0,0,0,0,0,1,0,0,0
1694034482,0,1,0,0,0,0,0,0,0,0,0,0,0
1694034512,0,0,0,0,1,0,0,0,0,0,0,0,0
1694034531,0,0,0,0,0,0,0,0,0,1,0,0,0
1694034633,0,0,0,0,0,0,0,0,0,1,0,0,0
1694034653,0,0,0,1,0,0,0,0,0,0,0,0,0
1694034727,0,0,0,1,0,0,0,0,0,0,0,0,0
1694034782,0,0,0,0,0,0,0,0,0,0,0,1,0
1694034885,0,0,0,0,0,0,0,0,0,1,0,0,0
1694034932,0,0,0,0,0,0,0,0,0,0,0,1,0
1694034997,0,0,0,0,0,0,0,0,0,0,0,1,0
1694035106,0,0,0,0,0,0,0,0,0,1,0,0,0
1694035117,0,0,0,0,0,0,1,0,0,0,0,0,0
1694035119,0,0,1,0,0,0,0,0,0,0,0,0,0
1694035144,0,0,0,1,0,0,0,0,0,0,0,0,0
1694035158,0,0,0,1,0,0,0,0,0,0,0,0,0
1694035250,0,0,0,0,0,0,0,0,0,1,0,0,0
1694035256,0,0,0,1,0,0,0,0,0,0,0,0,0
1694035333,0,0,1,0,0,0,0,0,0,0,0,0,0
1694035361,0,0,0,1,0,0,0,0,0,0,0,0,0
1694035407,0,0,0,1,0,0,0,0,0,0,0,0,0
1694035419,0,0,0,0,0,0,0,1,0,0,0,0,0
1694035434,0,0,0,1,0,0,0,0,0,0,0,0,0
1694035524,0,0,0,1,0,0,0,0,0,0,0,0,0
1694035538,0,0,0,0,0,0,1,0,0,0,0,0,0
1694035541,0,0,0,0,0,0,1,0,0,0,0,0,0
1694035667,0,0,0,1,0,0,0,0,0,0,0,0,0
1694035759,0,0,0,1,0,0,0,0,0,0,0,0,0
1694035805,0,0,0,0,0,0,0,0,0,0,0,1,0
1694035886,1,0,0,0,0,0,0,0,0,0,0,0,0
1694035916,0,0,0,0,0,0,0,1,0,0,0,0,0
1694035923,0,0,0,0,0,0,1,0,0,0,0,0,0
1694035946,0,0,0,1,0,0,0,0,0,0,0,0,0
1694035994,0,0,0,1,0,0,0,0,0,0,0,0,0
1694035998,0,0,0,0,0,0,0,1,0,0,0,0,0
1694036007,0,0,0,1,0,0,0,0,0,0,0,0,0
1694036036,0,0,0,0,0,1,0,0,0,0,0,0,0
1694036060,0,0,0,1,0,0,0,0,0,0,0,0,0
1694051002,0,0,0,0,0,0,1,0,0,0,0,0,0
1694051006,0,0,0,1,0,0,0,0,0,0,0,0,0
1694051027,0,0,0,0,0,0,0,1,0,0,0,0,0
1694051030,0,0,0,1,0,0,0,0,0,0,0,0,0
1694051062,0,0,0,1,0,0,0,0,0,0,0,0,0
1694051127,0,0,0,0,1,0,0,0,0,0,0,0,0
1694051260,0,0,0,0,0,0,1,0,0,0,0,0,0
1694051346,0,0,0,0,0,1,0,0,0,0,0,0,0
1694051416,0,0,0,0,0,0,0,0,0,0,0,1,0
1694051419,0,0,0,0,1,0,0,0,0,0,0,0,0
1694051509,0,0,0,0,0,0,1,0,0,0,0,0,0
1694051512,0,0,0,0,0,1,0,0,0,0,0,0,0
1694051519,0,0,0,0,1,0,0,0,0,0,0,0,0
1694051551,0,0,0,0,0,0,1,0,0,0,0,0,0
1694051573,0,0,0,0,0,0,0,0,0,0,0,1,0
1694051650,0,0,0,0,0,0,1,0,0,0,0,0,0
1694051665,0,0,0,1,0,0,0,0,0,0,0,0,0
1694051708,0,0,0,0,1,0,0,0,0,0,0,0,0
1694051730,0,0,0,0,0,0,0,0,0,1,0,0,0
1694051754,0,1,0,0,0,0,0,0,0,0,0,0,0
1694051775,0,0,0,0,0,0,0,0,0,0,0,1,0
1694051794,0,0,0,0,0,0,0,1,0,0,0,0,0
1694051832,0,0,1,0,0,0,0,0,0,0,0,0,0
1694051864,0,0,0,0,0,0,0,1,0,0,0,0,0
1694051924,0,0,0,0,1,0,0,0,0,0,0,0,0
1694051976,0,0,0,1,0,0,0,0,0,0,0,0,0
1694052048,0,0,0,0,0,0,1,0,0,0,0,0,0
1694052138,0,0,0,0,1,0,0,0,0,0,0,0,0
1694052142,0,0,0,1,0,0,0,0,0,0,0,0,0
1694052149,0,0,0,0,0,0,0,1,0,0,0,0,0
1694052168,0,0,0,1,0,0,0,0,0,0,0,0,0
1694052217,0,0,0,0,0,0,0,0,0,1,0,0,0
1694052230,0,0,0,0,0,0,0,0,0,1,0,0,0
1694052231,0,0,0,0,1,0,0,0,0,0,0,0,0
1694052233,0,0,0,1,0,0,0,0,0,0,0,0,0
1694052339,0,0,0,0,0,0,0,0,0,1,0,0,0
1694052377,0,0,0,0,0,1,0,0,0,0,0,0,0
1694052530,0,0,0,0,0,0,1,0,0,0,0,0,0
1694052541,0,0,0,0,0,1,0,0,0,0,0,0,0
1694052542,0,0,0,0,0,0,0,0,0,1,0,0,0
1694052566,0,0,0,0,1,0,0,0,0,0,0,0,0
1694052582,0,0,0,1,0,0,0,0,0,0,0,0,0
1694052586,0,0,0,0,0,0,1,0,0,0,0,0,0
1694052619,0,0,0,1,0,0,0,0,0,0,0,0,0
1694052628,0,0,0,1,0,0,0,0,0,0,0,0,0
1694052715,0,0,0,0,0,0,0,0,0,0,0,1,0
1694052743,0,0,0,0,1,0,0,0,0,0,0,0,0
1694052759,0,0,0,1,0,0,0,0,0,0,0,0,0
1694052824,0,0,0,0,0,0,0,0,0,1,0,0,0
1694052905,0,0,0,1,0,0,0,0,0,0,0,0,0
1694052927,0,0,0,0,0,1,0,0,0,0,0,0,0
1694052951,0,0,0,1,0,0,0,0,0,0,0,0,0
1694052956,0,0,0,0,0,0,0,0,0,1,0,0,0
1694053046,0,0,0,1,0,0,0,0,0,0,0,0,0
1694053098,0,0,0,0,0,0,1,0,0,0,0,0,0
1694053123,0,0,0,1,0,0,0,0,0,0,0,0,0
1694053154,0,0,0,0,0,0,0,1,0,0,0,0,0
1694053159,0,0,0,0,0,0,1,0,0,0,0,0,0
1694053213,0,0,0,1,0,0,0,0,0,0,0,0,0
1694053220,0,0,0,0,0,0,1,0,0,0,0,0,0
1694053238,0,0,0,0,0,0,0,0,0,0,0,1,0
1694053250,0,0,0,1,0,0,0,0,0,0,0,0,0
1694053266,0,0,0,0,0,1,0,0,0,0,0,0,0
1694053293,0,0,0,0,0,0,0,0,0,1,0,0,0
1694053329,0,0,0,0,0,0,0,0,0,1,0,0,0
1694053346,0,0,0,0,0,0,1,0,0,0,0,0,0
1694053366,0,0,0,1,0,0,0,0,0,0,0,0,0
1694053377,0,0,0,0,0,0,0,1,0,0,0,0,0
1694053401,0,0,0,1,0,0,0,0,0,0,0,0,0
1694053427,0,0,0,0,0,0,1,0,0,0,0,0,0
1694053450,0,0,0,0,0,0,0,0,0,0,0,1,0
1694053520,0,0,0,0,1,0,0,0,0,0,0,0,0
1694053555,0,0,0,0,1,0,0,0,0,0,0,0,0
1694053604,0,0,0,1,0,0,0,0,0,0,0,0,0
1694053617,0,0,0,1,0,0,0,0,0,0,0,0,0
1694053690,0,0,0,1,0,0,0,0,0,0,0,0,0
1694053758,0,0,0,0,0,0,0,0,0,1,0,0,0
1694053763,0,0,0,0,0,0,0,0,0,0,0,1,0
1694053825,0,0,0,0,1,0,0,0,0,0,0,0,0
1694053854,0,0,0,1,0,0,0,0,0,0,0,0,0
1694053930,0,0,0,0,1,0,0,0,0,0,0,0,0
1694054012,0,0,0,1,0,0,0,0,0,0,0,0,0
1694054226,0,0,0,0,0,0,1,0,0,0,0,0,0
1694054286,0,0,0,0,0,0,1,0,0,0,0,0,0
1694054312,0,0,0,0,1,0,0,0,0,0,0,0,0
1694054316,0,0,0,0,0,0,0,0,0,1,0,0,0
1694054324,0,0,0,0,0,0,0,0,0,1,0,0,0
1694054375,0,0,0,0,0,0,0,0,0,0,0,0,1
1694054399,0,0,0,0,0,0,0,0,0,0,0,1,0
1694054415,0,0,0,0,0,0,0,0,0,0,0,1,0
1694054428,0,0,0,0,0,0,0,1,0,0,0,0,0
1694054480,0,0,0,0,0,0,1,0,0,0,0,0,0
1694054506,0,0,0,0,1,0,0,0,0,0,0,0,0
1694054527,1,0,0,0,0,0,0,0,0,0,0,0,0
1694054582,0,0,0,0,0,0,0,1,0,0,0,0,0
1694054592,0,0,0,0,0,0,0,0,0,1,0,0,0
1694054593,0,0,0,0,0,0,0,1,0,0,0,0,0
1694054595,0,0,0,0,0,1,0,0,0,0,0,0,0
1694068728,0,0,0,1,0,0,0,0,0,0,0,0,0
1694068742,0,0,0,0,0,1,0,0,0,0,0,0,0
1694068849,0,0,0,0,0,0,0,1,0,0,0,0,0
1694068957,0,0,0,0,1,0,0,0,0,0,0,0,0
1694069083,0,0,0,0,0,0,0,0,0,1,0,0,0
1694069100,0,0,0,0,0,1,0,0,0,0,0,0,0
1694069117,0,0,0,0,0,0,1,0,0,0,0,0,0
1694069131,0,0,0,0,0,0,1,0,0,0,0,0,0
1694069146,0,0,0,0,0,0,1,0,0,0,0,0,0
1694069194,0,0,0,0,0,0,1,0,0,0,0,0,0
1694069222,0,0,0,0,1,0,0,0,0,0,0,0,0
1694069273,0,0,0,0,0,1,0,0,0,0,0,0,0
1694069372,0,0,0,1,0,0,0,0,0,0,0,0,0
1694069389,0,0,0,0,1,0,0,0,0,0,0,0,0
1694069445,0,0,0,1,0,0,0,0,0,0,0,0,0
1694069497,0,0,0,1,0,0,0,0,0,0,0,0,0
1694069540,0,0,0,1,0,0,0,0,0,0,0,0,0
1694069688,0,0,0,0,0,0,1,0,0,0,0,0,0
1694069783,0,0,0,0,0,0,0,0,0,0,0,1,0
1694069805,0,0,0,1,0,0,0,0,0,0,0,0,0
1694069813,0,0,0,1,0,0,0,0,0,0,0,0,0
1694069827,0,0,0,0,0,0,0,0,0,1,0,0,0
1694070005,0,0,0,0,0,0,0,0,0,1,0,0,0
1694070107,0,0,0,0,1,0,0,0,0,0,0,0,0
1694070109,0,0,0,1,0,0,0,0,0,0,0,0,0
1694070111,0,0,0,0,0,0,0,0,0,1,0,0,0
1694070138,0,0,0,0,0,0,1,0,0,0,0,0,0
1694070324,0,0,0,0,0,0,1,0,0,0,0,0,0
1694070372,0,0,0,0,1,0,0,0,0,0,0,0,0
1694070381,0,0,0,0,0,1,0,0,0,0,0,0,0
1694070445,0,0,0,0,0,0,0,0,0,1,0,0,0
1694070524,0,0,0,0,0,0,1,0,0,0,0,0,0
1694070566,0,0,0,1,0,0,0,0,0,0,0,0,0
1694070573,0,0,0,0,1,0,0,0,0,0,0,0,0
1694070608,0,0,0,1,0,0,0,0,0,0,0,0,0
1694070710,0,0,0,0,1,0,0,0,0,0,0,0,0
1694070797,0,0,0,0,1,0,0,0,0,0,0,0,0
1694070822,0,0,0,0,0,0,1,0,0,0,0,0,0
1694070823,0,0,0,0,0,0,1,0,0,0,0,0,0
1694070871,0,0,0,0,0,0,1,0,0,0,0,0,0
1694070931,0,0,0,0,0,0,0,0,0,1,0,0,0
1694070950,0,0,0,1,0,0,0,0,0,0,0,0,0
1694070981,0,0,0,1,0,0,0,0,0,0,0,0,0
1694070986,0,0,0,0,0,0,1,0,0,0,0,0,0
1694071032,0,0,0,0,0,1,0,0,0,0,0,0,0
1694071045,0,1,0,0,0,0,0,0,0,0,0,0,0
1694071053,0,0,0,0,0,0,1,0,0,0,0,0,0
1694071075,0,0,0,0,0,0,1,0,0,0,0,0,0
1694071079,0,0,0,0,0,0,0,1,0,0,0,0,0
1694071120,0,0,0,1,0,0,0,0,0,0,0,0,0
1694071149,0,0,0,0,1,0,0,0,0,0,0,0,0
1694071236,0,0,0,1,0,0,0,0,0,0,0,0,0
1694071287,0,0,0,1,0,0,0,0,0,0,0,0,0
1694071301,0,0,0,1,0,0,0,0,0,0,0,0,0
1694071364,0,1,0,0,0,0,0,0,0,0,0,0,0
1694071375,0,0,0,0,0,0,0,0,0,1,0,0,0
1694071476,0,0,0,1,0,0,0,0,0,0,0,0,0
1694071525,0,0,0,0,0,0,0,0,0,1,0,0,0
1694071527,0,1,0,0,0,0,0,0,0,0,0,0,0
1694071545,0,0,0,0,0,0,1,0,0,0,0,0,0
1694071559,0,0,0,0,1,0,0,0,0,0,0,0,0
1694071596,0,0,1,0,0,0,0,0,0,0,0,0,0
1694071616,0,0,0,1,0,0,0,0,0,0,0,0,0
1694071628,0,0,0,0,0,0,0,0,0,1,0,0,0
1694071705,0,0,0,0,0,0,0,0,0,1,0,0,0
1694071710,0,0,0,1,0,0,0,0,0,0,0,0,0
1694071782,0,0,0,1,0,0,0,0,0,0,0,0,0
1694071819,0,0,0,0,0,0,1,0,0,0,0,0,0
1694071861,0,0,1,0,0,0,0,0,0,0,0,0,0
1694071887,0,0,0,0,0,0,0,0,0,1,0,0,0
1694071904,0,0,0,0,0,0,0,0,0,1,0,0,0
1694071936,0,0,0,0,0,0,0,1,0,0,0,0,0
1694071948,0,0,0,0,1,0,0,0,0,0,0,0,0
1694071977,0,0,0,0,0,0,0,0,0,1,0,0,0
1694071982,0,0,0,1,0,0,0,0,0,0,0,0,0
1694072031,0,0,0,0,0,0,0,0,0,1,0,0,0
1694072035,0,0,0,0,0,0,1,0,0,0,0,0,0
1694072083,0,0,0,1,0,0,0,0,0,0,0,0,0
1694072125,0,0,0,0,0,0,1,0,0,0,0,0,0
1694072179,0,0,0,0,0,1,0,0,0,0,0,0,0
1694072261,0,0,0,1,0,0,0,0,0,0,0,0,0
1694072273,0,0,0,0,0,0,0,0,0,1,0,0,0
1694072287,0,0,0,0,0,1,0,0,0,0,0,0,0
1694072292,0,0,0,1,0,0,0,0,0,0,0,0,0
1694072300,0,0,0,0,0,0,0,0,0,1,0,0,0
1694072328,0,0,1,0,0,0,0,0,0,0,0,0,0
1694072339,0,0,0,0,0,0,0,0,0,1,0,0,0
1694072349,0,0,0,0,0,0,0,1,0,0,0,0,0
1694072399,0,0,0,1,0,0,0,0,0,0,0,0,0
1694072414,0,0,0,1,0,0,0,0,0,0,0,0,0
1694072456,0,0,0,0,1,0,0,0,0,0,0,0,0
1694072471,0,0,1,0,0,0,0,0,0,0,0,0,0
1694072590,0,0,0,0,0,0,0,0,0,1,0,0,0
1694072602,0,1,0,0,0,0,0,0,0,0,0,0,0
1694072616,0,0,1,0,0,0,0,0,0,0,0,0,0
1694072783,0,0,0,1,0,0,0,0,0,0,0,0,0
1694072875,0,0,0,0,0,0,0,1,0,0,0,0,0
1694088931,0,0,0,0,1,0,0,0,0,0,0,0,0
1694088953,0,0,0,1,0,0,0,0,0,0,0,0,0
1694088968,0,0,0,0,0,0,0,0,0,1,0,0,0
1694088973,0,0,0,0,0,1,0,0,0,0,0,0,0
1694088996,0,0,0,0,0,0,1,0,0,0,0,0,0
1694089023,0,0,0,1,0,0,0,0,0,0,0,0,0
1694089030,0,0,0,1,0,0,0,0,0,0,0,0,0
1694089040,0,0,0,0,0,0,0,0,0,1,0,0,0
1694089049,0,0,0,1,0,0,0,0,0,0,0,0,0
1694089080,0,0,0,0,1,0,0,0,0,0,0,0,0
1694089161,0,0,0,0,0,0,0,1,0,0,0,0,0
1694089168,0,0,0,0,0,0,1,0,0,0,0,0,0
1694089223,0,0,0,0,0,0,1,0,0,0,0,0,0
1694089331,0,1,0,0,0,0,0,0,0,0,0,0,0
1694089356,1,0,0,0,0,0,0,0,0,0,0,0,0
1694089379,0,0,0,0,1,0,0,0,0,0,0,0,0
1694089392,0,0,0,0,0,0,0,0,0,1,0,0,0
1694089399,0,0,0,0,1,0,0,0,0,0,0,0,0
1694089402,0,0,0,1,0,0,0,0,0,0,0,0,0
1694089573,0,0,0,0,0,0,0,1,0,0,0,0,0
1694089638,0,0,0,1,0,0,0,0,0,0,0,0,0
1694089648,0,0,0,1,0,0,0,0,0,0,0,0,0
1694089657,0,0,0,1,0,0,0,0,0,0,0,0,0
1694089664,0,1,0,0,0,0,0,0,0,0,0,0,0
1694089666,0,0,0,0,1,0,0,0,0,0,0,0,0
1694089674,0,0,0,0,0,0,0,0,0,1,0,0,0
1694089759,0,0,0,1,0,0,0,0,0,0,0,0,0
1694089765,0,0,0,0,1,0,0,0,0,0,0,0,0
1694089784,0,1,0,0,0,0,0,0,0,0,0,0,0
1694089797,0,0,0,0,0,0,0,0,0,1,0,0,0
1694089816,0,0,0,0,0,0,0,0,0,1,0,0,0
1694089862,0,0,0,0,0,0,0,1,0,0,0,0,0
1694089863,0,0,0,0,0,0,1,0,0,0,0,0,0
1694089867,0,0,0,1,0,0,0,0,0,0,0,0,0
1694089903,0,0,0,1,0,0,0,0,0,0,0,0,0
1694089923,0,1,0,0,0,0,0,0,0,0,0,0,0
1694089960,1,0,0,0,0,0,0,0,0,0,0,0,0
1694089962,0,0,0,1,0,0,0,0,0,0,0,0,0
1694090014,0,0,0,1,0,0,0,0,0,0,0,0,0
1694090035,0,0,0,0,0,0,0,0,0,0,0,1,0
1694090040,0,0,0,0,0,0,0,0,0,1,0,0,0
1694090110,1,0,0,0,0,0,0,0,0,0,0,0,0
1694090117,0,0,0,0,0,1,0,0,0,0,0,0,0
1694090141,0,0,0,0,0,0,0,1,0,0,0,0,0
1694090148,0,0,0,0,0,0,0,1,0,0,0,0,0
1694090158,0,0,0,1,0,0,0,0,0,0,0,0,0
1694090164,0,0,0,0,0,0,0,0,0,0,0,1,0
1694090166,0,0,0,0,0,0,0,0,0,1,0,0,0
1694090206,0,0,0,1,0,0,0,0,0,0,0,0,0
1694090320,0,0,0,0,0,0,1,0,0,0,0,0,0
1694090332,0,0,0,0,0,0,0,0,0,1,0,0,0
1694090333,0,1,0,0,0,0,0,0,0,0,0,0,0
1694090360,0,0,0,0,0,0,0,0,0,0,0,1,0
1694090522,0,0,0,0,1,0,0,0,0,0,0,0,0
1694090630,0,0,0,0,1,0,0,0,0,0,0,0,0
1694090633,0,0,0,0,0,0,0,0,0,1,0,0,0
1694090650,0,0,0,1,0,0,0,0,0,0,0,0,0
1694090661,0,0,0,0,0,0,0,0,0,1,0,0,0
1694090670,0,0,0,0,0,0,0,1,0,0,0,0,0
1694090723,0,0,0,0,1,0,0,0,0,0,0,0,0
