287693533668839000,0,0,0,0,0,0,0,1,0,0,0,0,0
287456016801624000,0,0,1,0,0,0,0,0,0,0,0,0,0
287311558298726000,0,0,0,0,0,0,0,0,0,0,0,1,0
287209450496983000,0,0,0,0,0,0,0,0,0,0,0,1,0
287168167141318000,0,0,0,0,0,0,0,0,0,0,1,0,0
287154148296781000,1,0,0,0,0,0,0,0,0,0,0,0,0
287003088001302000,1,0,0,0,0,0,0,0,0,0,0,0,0
286984177893638000,0,0,0,1,0,0,0,0,0,0,0,0,0
286979035874078000,0,0,0,0,0,0,0,0,0,0,1,0,0
286847351010770000,1,0,0,0,0,0,0,0,0,0,0,0,0
286601205260627000,0,0,0,1,0,0,0,1,0,0,0,0,0
286355126778736000,0,0,0,0,0,0,0,0,0,1,0,0,0
286349537923174000,0,0,0,0,1,0,0,0,0,0,0,0,0
285820960324608000,0,0,1,0,0,0,0,0,0,0,0,0,0
285497383360552000,0,0,0,0,1,0,0,0,0,0,0,0,0
285036240166858000,0,0,0,1,0,0,0,0,0,0,0,0,0
284832890456514000,0,0,0,0,0,0,0,1,0,0,0,0,0
284059053125144000,0,0,0,0,0,0,0,0,0,1,0,0,0
283747792285999000,0,1,0,0,0,0,0,0,0,0,0,0,0
283732232798093000,0,0,0,0,0,0,0,0,0,1,0,0,0
283452833595027000,0,0,0,0,0,0,0,0,0,1,0,0,0
283341844623007000,0,0,0,0,0,0,0,0,0,0,0,1,0
283313415655673000,0,0,0,0,0,0,0,0,0,1,0,0,0
282939798765854000,0,0,0,0,0,0,0,0,0,0,0,1,0
282495503273426000,0,0,0,1,0,0,0,0,0,0,0,0,0
282479247837257000,0,0,0,0,0,1,0,0,0,0,0,0,0
282469801442549000,0,0,0,0,0,0,0,0,0,1,0,0,0
282277876596879000,0,0,0,0,0,0,1,0,0,0,0,0,0
281974828993499000,0,1,0,0,0,0,0,0,0,0,0,0,0
281225290783526000,0,0,0,1,0,0,0,0,0,0,0,0,0
281193120929021000,0,0,0,1,0,0,0,0,0,0,0,0,0
281166145254469000,0,0,0,0,0,0,0,0,0,0,0,1,0
281156872021626000,0,0,0,0,0,0,0,0,0,1,0,0,0
280796498323701000,0,0,0,1,0,0,0,0,0,0,0,0,0
280532998225543000,0,0,0,0,0,0,0,1,0,0,0,0,0
280119545497272000,0,0,0,0,0,0,0,0,0,1,0,0,0
280033819233509000,0,0,0,0,0,0,0,1,0,0,0,0,0
279693258345570000,1,0,0,0,0,0,0,0,0,0,0,0,0
279602070217175000,0,0,0,0,0,0,0,0,0,1,0,0,0
278956919056650000,0,0,0,0,0,0,0,0,0,1,0,0,0
278603183981481000,1,0,0,0,0,0,0,0,0,0,0,0,0
278327526189842000,1,0,0,0,0,0,0,0,0,0,0,0,0
278062742211006000,0,0,0,0,0,0,0,0,0,1,0,0,0
277841244535808000,0,0,0,0,0,0,0,1,0,0,0,0,0
277690640253460000,0,0,0,0,0,0,0,0,0,1,0,0,0
277579998171369000,0,0,0,0,0,0,0,1,0,0,0,0,0
277553906219884000,0,0,0,1,0,0,0,0,0,0,0,0,0
277510998502547000,1,0,0,0,0,0,0,0,0,0,0,0,0
277218228776882000,0,0,0,0,0,0,0,0,0,0,0,0,1
277198775926259000,0,0,0,0,0,0,1,0,0,0,0,0,0
276814350407327000,0,0,0,0,0,0,0,0,0,1,0,0,0
276149113765126000,0,0,0,0,1,0,0,0,0,0,0,0,0
275746372278448000,0,0,0,0,0,0,0,1,0,0,0,0,0
275738742449381000,0,1,0,1,0,0,0,0,0,0,0,0,0
275348370338508000,1,0,0,0,0,0,0,0,0,0,0,0,0
274994554405527000,0,1,0,0,0,0,0,0,0,0,0,0,0
274924470718844000,0,0,0,0,0,0,0,0,0,0,0,0,0
274878973371105000,0,0,0,0,0,0,0,0,0,0,0,0,0
274767224991002000,0,0,0,0,0,0,0,0,0,0,0,0,0
273801850543808000,1,0,0,0,0,0,0,0,0,0,0,0,0
273624921559678000,0,0,0,0,0,0,0,0,0,1,0,0,0
273265443161112000,0,0,0,0,0,0,0,0,0,1,0,0,0
273241710824415000,0,0,0,0,0,1,0,0,0,0,0,0,0
273239774041604000,0,0,0,0,0,0,0,0,0,1,0,0,0
272889948103917000,0,0,0,0,0,0,0,1,0,0,0,0,0
272623858824130000,1,0,0,0,0,0,0,0,0,0,0,0,0
272206007244058000,0,0,0,1,0,0,0,0,0,0,0,0,0
272199731491508000,0,0,0,0,0,0,0,1,0,0,0,0,0
271762454269276000,0,1,0,0,0,0,0,0,0,0,0,0,0
271674438855036000,0,0,0,0,0,0,0,0,0,1,0,0,0
271306407490486000,0,0,0,0,0,0,1,0,0,0,0,0,0
271122097298890000,0,0,0,0,0,0,1,0,0,0,0,0,0
271095039852154000,0,1,0,0,0,0,0,1,0,0,0,0,0
270959673904087000,0,1,0,0,0,0,0,0,0,0,0,0,0
269938490639282000,0,0,0,0,1,0,0,0,0,0,0,0,0
269217964857884000,0,0,0,0,0,0,0,0,0,1,0,0,0
268874192101965000,0,0,0,0,0,0,0,1,0,0,0,0,0
268241170847649000,0,0,0,0,0,0,0,1,0,0,0,0,0
268198601874886000,0,0,0,0,0,0,0,0,1,0,0,0,0
267725282943836000,0,0,0,0,0,1,0,0,0,0,0,0,0
267514902283964000,0,0,0,0,0,0,0,1,0,0,0,0,0
267478236269789000,0,0,0,0,0,0,0,0,0,1,0,0,0
267035691970621000,0,0,0,1,0,0,0,0,0,0,0,0,0
266783999366688000,0,0,0,1,0,0,0,0,0,0,0,0,0
264978194384437000,0,0,0,1,0,0,0,0,0,0,0,0,0
264963240113606000,0,0,0,0,0,0,0,1,0,0,0,0,0
264933816559341000,0,0,0,0,0,0,0,1,0,0,0,0,0
264492675393269000,0,0,0,0,0,0,0,1,0,0,0,0,0
264154281060495000,0,0,0,0,0,0,0,0,0,1,0,0,0
263146684274593000,1,0,0,0,0,0,0,0,0,0,0,0,0
262348967222861000,1,0,0,0,0,0,0,0,0,0,0,0,0
262305472273592000,0,0,0,1,0,0,0,0,0,0,0,0,0
262003312864403000,0,0,0,1,0,0,0,0,0,0,0,0,0
259740491380318000,0,0,0,0,0,0,1,0,0,0,0,0,0
259105452166627000,0,0,0,0,0,0,0,0,0,1,0,0,0
258983064309477000,0,0,0,0,0,0,0,0,0,1,0,0,0
258440384122859000,0,0,0,0,0,0,0,0,0,1,0,0,0
258425982636146000,1,0,0,0,0,0,0,0,0,0,0,0,0
258267472417923000,0,0,0,1,0,0,0,0,0,0,0,0,0
258235145314779000,0,0,0,0,0,0,0,0,0,1,0,0,0
258213479910100000,1,0,0,0,0,0,0,0,0,0,0,0,0
256966505156182000,0,0,0,0,1,0,0,0,0,0,0,0,0
256815549839974000,0,0,0,0,0,0,0,0,0,0,0,0,1
256811598872727000,0,0,0,1,0,0,0,0,0,0,0,0,0
256804430815576000,0,0,0,0,0,0,0,0,0,1,0,0,0
256635662491590000,0,0,0,0,0,0,1,0,0,0,0,0,0
256595114711977000,0,0,0,0,0,0,0,0,0,0,0,1,0
256153208135770000,0,0,0,0,0,0,0,0,1,0,0,0,0
255880006071361000,0,0,0,0,0,0,0,0,0,1,0,0,0
255844788778176000,0,0,0,0,0,0,1,0,0,0,0,0,0
255780883804585000,0,0,0,0,0,0,1,0,0,0,0,0,0
255776617786404000,0,0,0,0,0,0,0,0,0,1,0,0,0
255573130750337000,0,0,0,0,0,0,1,0,0,0,0,0,0
255471153156612000,0,0,0,0,0,0,0,0,0,1,0,0,0
255150661887479000,0,0,0,0,0,0,1,0,0,0,0,0,0
255131684251525000,0,0,0,0,0,0,1,0,0,0,0,0,0
254451903692435000,0,0,0,1,0,0,0,0,0,0,0,0,0
254326839244357000,0,0,0,0,0,0,0,1,0,0,0,0,0
254275313192812000,1,0,0,0,0,0,0,0,0,0,0,0,0
253686569389666000,0,0,0,0,0,0,0,1,0,0,0,0,0
253372918359289000,0,0,0,0,0,0,0,0,0,1,0,0,0
252205513146773000,0,0,0,0,0,0,0,0,0,1,0,0,0
252186302546587000,0,0,0,0,1,0,0,0,0,0,0,0,0
252152163873193000,0,0,0,1,0,0,0,0,0,0,0,0,0
252118329068756000,0,0,0,0,0,0,0,1,0,0,0,0,0
251945140925652000,0,0,0,0,0,0,0,1,0,0,0,0,0
251944153234169000,0,0,0,0,0,0,0,0,0,0,0,1,0
251188339586252000,0,0,0,1,0,0,0,0,0,0,0,0,0
251176505445605000,0,0,0,0,0,0,1,0,0,0,0,0,0
251100196946182000,0,1,0,0,0,0,0,0,0,0,0,0,0
251085188724051000,0,0,0,1,0,0,0,0,0,0,0,0,0
250562112043245000,0,0,0,0,0,0,0,0,0,1,0,0,0
249547530575167000,0,0,0,0,0,0,1,0,0,0,0,0,0
249325209272852000,0,0,0,1,0,0,0,0,0,0,0,0,0
249301525053177000,0,0,0,1,0,0,0,0,0,0,0,0,0
249286287503273000,0,0,0,0,0,0,0,1,0,0,0,0,0
249246461445935000,0,0,0,0,0,0,1,0,0,0,0,0,0
249222166577557000,0,0,0,1,0,0,0,0,0,0,0,0,0
249181718593019000,0,0,0,0,0,0,0,0,0,1,0,0,0
249013514004467000,0,0,0,1,0,0,0,0,0,0,0,0,0
248979547381440000,0,0,0,0,0,1,0,0,0,0,0,0,0
248978994047881000,0,0,0,0,0,0,0,0,0,1,0,0,0
248950439985426000,0,0,0,0,0,0,0,0,0,1,0,0,0
248946520618053000,0,0,0,0,0,0,0,0,0,1,0,0,0
248910399175528000,0,0,0,0,0,0,0,0,0,1,0,0,0
248836876465745000,0,0,0,0,0,0,0,0,0,1,0,0,0
248292777056681000,0,0,0,0,0,0,0,0,0,0,0,0,0
248237812854431000,0,0,0,1,0,0,0,0,0,0,0,0,0
248227523450769000,0,0,0,1,0,0,0,0,0,0,0,0,0
248215053336199000,0,0,0,0,0,0,1,0,0,0,0,0,0
248213641386659000,0,0,0,0,1,0,0,0,0,0,0,0,0
248166430988697000,0,0,0,0,0,0,0,0,0,0,0,1,0
248138663089799000,0,0,0,0,0,0,0,0,0,0,0,0,0
247874625181204000,0,0,0,0,1,0,0,0,0,0,0,0,0
247851748188901000,0,0,0,1,0,0,0,0,0,0,0,0,0
247827746305236000,0,0,0,1,0,0,0,0,0,0,0,0,0
247802684374151000,0,0,1,0,0,0,0,0,0,0,0,0,0
247472160841551000,0,0,0,0,1,0,0,0,0,0,0,0,0
247222973927399000,0,0,0,0,0,0,0,1,0,0,0,0,0
247163822937358000,0,0,0,1,0,0,0,0,0,0,0,0,0
247158800254128000,0,0,0,0,0,0,0,1,0,0,0,0,0
247157199233757000,0,0,0,1,0,0,0,0,0,0,0,0,0
246835098480156000,0,1,0,0,0,0,0,0,0,0,0,0,0
246510276415979000,0,0,0,0,0,0,0,1,0,0,0,0,0
246458917675204000,0,1,0,0,0,0,0,0,0,0,0,0,0
246347565971406000,0,0,0,0,0,0,0,1,0,0,0,0,0
245986961532280000,0,1,0,0,0,0,0,0,0,0,0,0,0
245977804427112000,0,1,0,0,0,0,0,0,0,0,0,0,0
245662637571076000,0,0,0,0,0,0,0,1,0,0,0,0,0
245584150374002000,0,0,0,0,0,0,0,1,0,0,0,0,0
245547744851271000,0,0,0,0,0,0,0,0,0,1,0,0,0
245530500905697000,0,0,0,0,1,0,0,1,0,0,0,0,0
245529702851297000,0,0,0,0,0,0,0,1,0,0,0,0,0
245387248323936000,0,0,0,0,0,0,0,0,0,1,0,0,0
245334104042782000,0,0,0,0,0,0,0,1,0,0,0,0,0
245309962660741000,0,0,0,0,0,0,1,0,0,0,0,0,0
245280127196491000,0,1,0,0,0,0,0,0,0,1,0,0,0
245207723413737000,0,0,0,1,0,0,0,0,0,0,0,0,0
245194157285601000,0,0,0,0,0,0,0,1,0,0,0,0,0
245187836544942000,0,0,0,1,0,0,0,0,0,0,0,0,0
244976597692715000,0,0,0,0,0,0,0,0,0,1,0,0,0
244965280852365000,0,0,0,0,0,0,1,0,0,0,0,0,0
244961784249864000,0,0,0,0,0,1,0,0,0,0,0,0,0
244080045117825000,0,0,0,0,0,0,0,0,0,0,1,0,0
243906225207640000,0,0,0,0,1,0,0,0,0,0,0,0,0
243849730642296000,0,0,0,0,0,0,0,0,0,1,0,0,0
243830238637879000,0,0,0,0,0,0,1,0,0,0,0,0,0
243762265822752000,0,0,0,0,0,0,0,0,1,0,0,0,0
243149560204111000,0,0,0,1,0,0,0,0,0,0,0,0,0
242807415983181000,0,0,0,0,0,0,0,0,1,0,0,0,0
242720439405780000,0,0,0,0,1,0,0,0,0,0,0,0,0
242659713421037000,0,0,0,0,0,0,0,0,0,0,1,0,0
242632896194682000,0,0,0,0,0,0,1,0,0,0,0,0,0
242102820210360000,0,0,0,0,0,0,0,1,0,0,0,0,0
242071604937515000,0,0,0,0,0,0,0,0,0,1,0,0,0
242052659341824000,0,0,0,0,0,1,0,0,0,0,0,0,0
241999484165451000,0,0,0,0,0,0,0,0,0,0,1,0,0
241873160109191000,0,0,0,0,0,0,0,0,0,1,0,0,0
241871738999300000,0,0,0,0,0,0,0,0,1,0,0,0,0
241689058722586000,0,0,0,0,0,0,0,0,0,0,0,1,0
241226525259751000,0,0,0,1,0,0,0,0,0,0,0,0,0
241224292631732000,0,0,0,0,1,0,0,0,0,0,0,0,0
241220120083578000,0,0,0,0,0,0,1,0,0,0,0,0,0
241209825193766000,0,0,0,0,0,0,0,1,0,0,0,0,0
241182773736534000,0,0,0,0,0,0,0,0,0,1,0,0,0
241072930975539000,0,0,0,0,1,0,0,0,0,0,0,0,0
240673122267848000,0,0,0,0,0,0,1,0,0,0,0,0,0
240616494847889000,0,0,0,0,0,0,0,1,0,0,0,0,0
240582241732947000,0,0,0,0,0,0,0,0,0,1,0,0,0
240168415862587000,0,0,0,0,0,1,0,0,0,0,0,0,0
239869317699747000,0,0,0,0,0,0,0,0,1,0,0,0,0
239849562498551000,0,0,0,0,0,0,0,1,0,0,0,0,0
239808353247830000,0,0,0,0,0,1,0,0,0,1,0,0,0
239262431795351000,0,0,0,0,0,0,1,0,0,0,0,0,0
239236061392412000,0,0,0,0,0,0,0,1,0,0,0,0,0
238879039073439000,0,0,0,0,0,0,0,0,0,1,0,0,0
238062514137604000,0,0,0,1,0,0,0,0,0,0,0,0,0
237981861941489000,0,0,0,0,0,0,0,0,0,1,0,0,0
237317910887034000,0,0,0,0,0,0,1,0,0,0,0,0,0
237316989197094000,0,0,0,0,0,0,0,1,0,0,0,0,0
237028053430202000,0,0,0,0,0,0,0,0,0,1,0,0,0
236953345653366000,0,0,0,0,0,0,1,0,0,0,0,0,0
236931370562240000,0,0,0,0,0,0,0,1,0,0,0,0,0
236929083974496000,0,0,0,0,0,0,0,0,1,0,0,0,0
236518813045248000,0,0,0,0,0,0,0,0,0,1,0,0,0
236518044422242000,0,0,0,1,0,0,0,0,0,0,0,0,0
236461409695842000,0,0,0,0,0,0,0,0,1,0,0,0,0
236284582935265000,0,0,0,0,0,1,0,0,0,0,0,0,0
235840263040409000,0,0,0,0,0,0,0,1,0,0,0,0,0
235430129487208000,0,0,0,0,0,0,0,0,0,1,0,0,0
235265748166131000,0,0,0,0,0,0,0,0,0,0,1,0,0
235133582723661000,0,0,0,0,0,0,1,0,0,0,0,0,0
234134605903560000,0,0,0,0,0,0,0,0,0,1,0,0,0
234132712104013000,0,0,0,1,0,0,0,0,0,0,0,0,0
233728972557541000,0,0,0,0,0,0,1,0,0,0,0,0,0
233440346636423000,0,0,0,0,0,0,0,0,1,0,0,0,0
233087235510124000,0,0,0,0,1,0,0,0,0,0,0,0,0
233086367029137000,0,0,0,0,0,0,0,0,1,0,0,0,0
232636711912493000,0,0,0,0,0,0,0,0,0,0,0,1,0
232625198682234000,0,0,0,0,0,0,1,0,0,0,0,0,0
232621655237750000,0,0,0,0,0,0,0,0,1,0,0,0,0
232585995911053000,0,0,0,0,0,0,0,0,0,1,0,0,0
232582172475809000,0,0,0,0,0,0,1,0,0,0,0,0,0
232267399066423000,0,0,0,0,0,0,0,0,0,1,0,0,0
232096364203503000,0,0,0,0,0,0,0,1,0,0,0,0,0
232092219039965000,0,0,0,0,0,0,1,0,0,0,0,0,0
231893415233732000,0,1,0,0,0,0,0,0,0,0,0,0,0
231727886594371000,0,0,0,1,0,0,1,0,0,0,0,0,0
231543298576236000,0,0,0,0,1,0,0,0,0,0,0,0,0
231356157665607000,0,0,0,0,0,0,0,0,0,1,0,0,0
231292517788815000,0,0,0,0,0,0,0,1,0,0,0,0,0
230823212563435000,0,0,0,0,0,0,1,0,0,0,0,0,0
230460618447151000,0,0,0,0,0,0,0,0,1,0,0,0,0
230368546922840000,0,0,0,0,0,0,0,0,0,0,1,0,0
230052689554321000,0,0,0,0,0,0,0,0,0,0,0,1,0
229811496002125000,0,0,0,1,0,0,0,0,0,0,0,0,0
229452284327784000,0,0,0,0,0,1,0,0,0,0,0,0,0
229435142781947000,0,0,0,0,0,0,0,0,1,0,0,0,0
229413734576177000,0,0,0,0,0,0,1,0,0,0,0,0,0
229391069975031000,0,0,0,0,0,0,0,0,0,1,0,0,0
229385041728376000,0,0,0,0,0,0,0,1,0,0,0,0,0
229356220790734000,0,0,0,0,0,0,1,0,0,0,0,0,0
229261262880653000,0,0,0,0,0,1,0,0,0,0,0,0,0
229070996370509000,0,0,0,0,0,1,0,0,0,0,0,0,0
228653020597059000,0,1,0,0,0,0,0,0,0,0,0,0,0
228650942743076000,0,0,0,0,0,0,0,0,1,0,0,0,0
228217944281333000,0,0,0,0,0,1,0,0,0,0,0,0,0
228216222909624000,0,0,0,0,0,0,0,1,0,0,0,0,0
226896713040936000,0,0,0,0,0,0,1,0,0,0,0,0,0
226851856868048000,0,0,0,0,1,0,0,0,0,0,0,0,0
225791603833450000,0,0,0,1,0,0,0,0,0,0,0,0,0
225768826334228000,0,0,0,0,0,1,0,0,0,0,0,0,0
225766270065315000,0,0,0,0,0,0,0,0,1,0,0,0,0
225665918993317000,0,0,0,0,0,0,0,1,0,0,0,0,0
225441833755475000,0,0,0,0,0,0,0,0,0,0,1,0,0
225076126530289000,0,0,0,0,0,0,1,0,0,0,0,0,0
225022650173497000,0,0,0,0,0,0,0,0,0,0,0,0,1
224595510181371000,0,0,0,0,0,0,1,0,0,0,0,0,0
224053122937528000,0,0,0,0,0,0,0,0,1,0,0,0,0
224052833832550000,0,1,0,0,0,0,0,0,0,0,0,0,0
223617940568817000,0,0,0,0,0,0,0,0,0,1,0,0,0
223497359064178000,0,0,0,0,0,0,1,0,0,0,0,0,0
223473722609254000,0,0,0,0,0,0,0,1,0,0,0,0,0
223471292475654000,0,0,0,1,0,0,0,0,0,0,0,0,0
222940035119448000,0,0,0,0,0,0,0,0,0,1,0,0,0
222920453809909000,0,0,0,0,1,0,0,0,1,0,0,0,0
221465717546029000,0,0,0,0,0,0,0,1,0,0,0,0,0
221424303852363000,0,0,0,0,0,0,1,0,0,0,0,0,0
221374449172230000,0,0,0,0,0,1,0,0,0,0,0,0,0
221003457673437000,0,0,0,1,0,0,0,0,0,0,0,0,0
220996109080862000,0,1,0,0,0,0,0,0,0,0,0,0,0
220992462003507000,0,0,0,0,0,0,0,1,0,0,0,0,0
220987071848910000,0,0,0,0,0,1,0,0,0,0,0,0,0
220283787437813000,0,0,0,0,0,0,0,0,1,0,0,0,0
219294905950928000,0,0,0,0,0,0,1,0,0,0,0,0,0
219240428506054000,0,0,0,1,0,0,0,0,0,0,0,0,0
218841660447145000,0,0,0,0,0,0,0,0,0,1,0,0,0
218589702910001000,0,0,0,0,0,0,0,1,0,0,0,0,0
218493140548591000,0,0,0,0,1,0,0,0,0,0,0,0,0
218479117643956000,0,1,0,0,0,0,0,0,0,0,0,0,0
218073669312839000,0,0,0,0,0,1,0,0,0,0,0,0,0
217834050092675000,0,0,0,0,0,0,1,0,0,0,0,0,0
217812148540293000,0,0,0,0,0,0,0,1,0,0,0,0,0
217789537009680000,0,0,0,0,0,0,0,0,0,1,0,0,0
217760400635207000,0,0,0,0,0,0,0,0,0,0,1,0,0
217738651503820000,0,0,0,0,0,0,0,1,0,0,0,0,0
217730010625228000,0,0,0,0,0,0,0,0,0,1,0,0,0
217656101691326000,0,0,0,0,0,0,1,0,0,0,0,0,0
217354177381277000,0,0,0,0,0,1,0,0,0,0,0,0,0
217094091601739000,0,0,0,0,0,0,0,0,0,1,0,0,0
217018337606123000,0,0,0,0,0,0,1,0,0,0,0,0,0
216904828281036000,0,0,0,0,0,0,0,1,0,0,0,0,0
216768534942973000,0,0,0,0,0,0,0,0,0,1,0,0,0
216764576207880000,0,0,0,0,0,0,1,0,0,0,0,0,0
216700249056616000,0,0,0,0,0,0,0,1,0,0,0,0,0
216699246563426000,0,0,0,0,0,0,0,0,0,1,0,0,0
216688947353489000,0,0,0,0,0,0,0,1,0,0,0,0,0
216678882248626000,0,0,0,0,0,0,1,0,0,0,0,0,0
216654826707222000,0,0,0,0,0,0,0,1,0,0,0,0,0
216614721531559000,0,0,0,0,0,0,1,0,0,0,0,0,0
216609153278410000,0,0,0,0,0,0,0,1,0,0,0,0,0
216393725872570000,0,0,0,0,0,0,0,0,1,0,0,0,0
216351971848884000,0,0,0,0,1,0,0,0,0,0,0,0,0
216286665885487000,0,0,0,0,0,0,0,0,0,0,0,1,0
216273588452458000,0,0,0,0,0,0,1,0,0,0,0,0,0
216257254461153000,0,0,0,1,0,0,0,0,0,0,0,0,0
216231681827414000,0,0,0,0,0,0,0,0,0,0,1,0,0
216219942167646000,1,0,0,0,0,0,0,0,0,0,0,0,0
216216182942990000,0,0,0,0,1,0,0,0,0,0,0,0,0
216215323479769000,0,0,0,0,0,0,0,0,0,1,0,0,0
216169810487287000,0,1,0,0,0,0,0,0,0,0,0,0,0
216004777211985000,0,0,0,0,0,0,0,0,0,1,0,0,0
215984472603115000,0,0,0,1,0,0,0,0,0,0,0,0,0
215979997830197000,0,0,0,0,0,0,0,0,1,0,0,0,0
215622712360583000,0,0,0,1,0,0,1,0,0,0,0,0,0
215548971182067000,0,0,0,0,1,0,0,0,0,0,0,0,0
215517267620925000,0,0,0,0,1,0,0,0,0,0,0,0,0
215189254899376000,0,0,0,0,0,0,0,0,0,0,0,1,0
215142052760010000,0,0,0,0,0,1,0,0,0,0,0,0,0
215132947764879000,0,0,0,0,0,0,0,0,0,0,1,0,0
215111564540395000,0,0,0,1,0,0,0,0,0,0,0,0,0
214486241989771000,0,0,0,0,0,0,0,0,0,1,0,0,0
214270594429104000,0,0,0,0,0,0,1,0,0,0,0,0,0
214153927980089000,0,1,0,0,0,0,0,0,0,0,0,0,0
214149225825579000,0,0,0,1,0,0,0,0,0,0,0,0,0
213759141091618000,0,0,0,0,0,0,0,0,1,0,0,0,0
213755779755409000,0,0,0,0,1,0,0,0,0,0,0,0,0
213410293366263000,0,0,0,0,0,0,1,0,0,0,0,0,0
213087846741966000,0,0,0,0,0,0,0,0,1,0,0,0,0
213027331537768000,0,0,0,0,0,0,0,1,0,0,0,0,0
212958769955606000,0,0,0,0,1,0,0,0,0,0,0,0,0
212902484400807000,0,0,0,0,0,0,1,0,0,0,0,0,0
212344276720431000,0,0,0,0,0,0,0,0,1,0,0,0,0
212320970843754000,0,0,0,0,0,0,0,0,0,1,0,0,0
211730595070476000,0,0,0,0,0,0,1,0,0,0,0,0,0
211726751271890000,0,0,0,0,1,0,0,0,0,0,0,0,0
211650895119777000,0,0,0,0,0,0,0,0,0,0,0,1,0
211451364050604000,0,0,0,0,0,0,0,1,0,0,0,0,0
211361508968513000,0,0,0,0,0,0,0,0,0,1,0,0,0
211358250719907000,0,0,0,1,0,0,0,0,0,0,0,0,0
211354591370035000,0,0,0,0,0,1,0,0,0,0,0,0,0
211325284551626000,0,0,0,0,0,0,0,0,0,1,0,0,0
211290791803486000,0,0,0,0,0,0,1,0,0,0,0,0,0
211279982562000000,0,0,1,0,0,0,0,0,0,0,0,0,0
211155974768164000,0,0,0,0,0,0,0,0,0,1,0,0,0
210593831836585000,0,0,0,0,0,1,0,0,0,0,0,0,0
210427351257980000,0,0,0,0,0,0,0,0,1,0,0,0,0
210090207054282000,0,0,0,1,0,0,0,0,0,0,0,0,0
209785204431257000,1,0,0,0,0,0,0,0,0,0,0,0,0
209721588646543000,0,0,0,0,0,1,0,0,0,0,0,0,0
209721136429268000,0,0,0,0,0,0,0,1,0,0,0,1,0
209186785421561000,0,0,0,1,0,0,0,0,0,0,0,0,0
209176710686580000,0,1,0,0,0,0,0,0,0,0,0,0,0
208305329522479000,0,0,0,0,0,0,1,0,0,0,0,0,0
208302014474620000,0,0,0,0,0,0,0,0,0,1,0,0,0
208293395846807000,0,0,0,0,0,0,0,1,0,0,0,0,0
208072574171742000,0,0,0,0,0,0,1,0,0,0,0,0,0
208062671197700000,0,0,0,0,0,0,0,0,0,1,0,0,0
208011591399124000,0,0,0,0,0,0,1,0,0,0,0,0,0
208011144949010000,0,0,0,0,0,1,0,0,0,0,0,0,0
207994831539154000,0,0,0,0,0,0,0,1,0,0,0,0,0
207704529096015000,0,0,0,0,1,0,0,0,0,0,0,0,0
207681210217017000,0,0,0,0,0,0,0,0,0,1,0,0,0
207626564748328000,0,0,0,0,0,0,0,0,1,0,0,0,0
207227545144393000,0,0,0,1,0,0,0,0,0,0,0,0,0
205391967037816000,0,0,0,0,0,1,0,0,0,0,0,0,0
205391456674906000,0,0,0,0,0,0,1,0,0,0,0,0,0
205170541219426000,0,0,0,0,0,0,0,0,0,0,0,1,0
205096956505239000,0,0,0,0,0,0,1,0,0,0,0,0,0
205094946351484000,0,0,0,0,0,0,0,1,0,0,0,0,0
205092925024116000,0,0,0,0,0,0,0,0,1,0,0,0,0
205090255752278000,0,0,0,0,0,0,0,0,0,0,0,1,0
205088267824152000,0,0,0,0,0,0,1,0,0,0,0,0,0
205083166615150000,0,0,0,0,0,0,0,0,0,1,0,0,0
205045678706143000,0,0,0,1,0,0,0,0,0,0,0,0,0
205043845187125000,0,0,0,0,0,0,0,0,1,0,0,0,0
205040474870919000,0,0,0,0,1,0,0,0,0,0,0,0,0
203234862805696000,0,0,0,0,0,0,0,0,0,0,0,1,0
203233553763414000,0,0,0,0,1,0,0,0,0,0,0,0,0
203007813188980000,0,0,0,0,0,0,0,0,0,0,1,0,0
202973805239476000,0,1,0,0,0,0,0,0,0,0,0,0,0
202943157502091000,0,0,0,0,0,0,0,0,0,1,0,0,0
202942303722156000,0,0,0,0,0,1,0,0,0,0,0,0,0
202941781455802000,0,1,0,0,0,0,0,0,0,0,0,0,0
202237511832051000,0,1,0,0,0,0,0,0,0,0,0,0,0
201883665389727000,0,0,0,0,0,0,0,0,1,0,0,0,0
201789275396780000,0,0,0,0,1,0,0,0,0,0,0,0,0
201544716410552000,0,0,0,0,0,1,0,0,0,0,0,0,0
201151042161868000,0,0,0,0,0,0,0,0,1,0,0,0,0
200831390047158000,0,0,0,0,0,0,1,0,0,0,0,0,0
200831240889303000,0,0,0,0,0,0,0,0,0,1,0,0,0
200451293888790000,0,0,0,0,0,0,0,1,0,0,0,0,0
200406426139627000,0,0,0,0,0,0,0,0,0,0,1,0,0
200094085976031000,0,0,0,0,0,0,0,0,0,0,0,0,1
200090918425067000,0,0,0,0,0,0,0,0,0,0,0,1,0
200090650488741000,0,0,0,0,0,0,0,0,0,1,0,0,0
200047571719303000,0,0,0,1,0,0,0,0,0,0,0,0,0
199738118620971000,0,0,0,0,0,0,0,0,0,1,0,0,0
199712533249134000,0,0,0,0,0,0,1,0,0,0,0,0,0
199700568552386000,0,0,0,0,0,0,0,1,0,0,0,0,0
199224035819798000,1,0,0,0,0,1,0,0,0,0,0,0,0
198969500199165000,0,1,0,0,0,0,0,0,0,0,0,0,0
198964910431014000,0,0,0,1,0,0,0,0,0,0,0,0,0
198940181523480000,0,0,0,0,0,0,1,0,0,0,0,0,0
198905729468469000,0,0,0,0,1,0,0,0,0,0,0,0,0
198902314013171000,0,0,0,0,0,0,0,0,0,1,0,0,0
198708817997987000,0,0,0,1,0,0,0,0,0,0,0,0,0
198703021838970000,0,0,0,0,1,0,0,0,0,0,0,0,0
198699403605839000,0,0,0,0,0,0,0,0,0,0,0,1,0
198697507461664000,0,0,0,0,0,0,0,1,0,0,0,0,0
198693253887967000,0,0,0,0,0,0,1,0,0,0,0,0,0
198241336145612000,0,0,0,0,0,0,0,0,0,1,0,0,0
198211340085637000,0,0,0,0,1,0,0,0,0,0,0,0,0
197823995154939000,1,0,0,0,0,0,0,0,0,0,0,0,0
197668316595228000,0,0,0,0,0,1,0,0,0,0,0,0,0
197654382785990000,0,0,0,0,0,0,0,0,0,1,0,0,0
197575723576328000,0,1,0,0,0,0,0,0,0,0,0,0,0
197572243184824000,0,0,0,0,0,0,0,1,0,0,0,0,0
196831210155151000,0,1,0,0,0,0,0,0,0,0,0,0,0
196767523344089000,0,0,0,0,0,0,0,0,1,0,0,0,0
196745191430959000,0,0,0,0,1,0,0,0,0,0,0,0,0
196744253655875000,0,0,0,0,0,0,0,0,0,0,0,1,0
196721681677561000,0,0,0,0,0,0,0,1,0,0,0,0,0
196712260499013000,0,0,0,0,0,1,0,0,0,0,0,0,0
196520999506821000,0,0,0,0,0,0,0,0,1,0,0,0,0
196515022954967000,0,0,0,0,0,0,0,0,0,1,0,0,0
196489690373824000,1,0,0,0,0,0,0,0,0,0,0,0,0
196481833553231000,0,0,0,0,0,0,1,0,0,0,0,0,0
196480356222906000,0,0,0,1,0,0,0,0,0,0,0,0,0
196408298692546000,0,0,0,0,0,0,0,0,0,1,0,0,0
196394702277316000,0,0,0,0,0,0,0,1,0,0,0,0,0
196364287420280000,0,0,0,0,0,0,0,0,0,0,0,1,0
196294139132911000,0,0,0,0,0,0,1,0,0,0,0,0,0
196263088918507000,0,0,0,1,0,0,0,0,0,0,0,0,0
196057183677456000,1,0,0,0,0,0,0,0,0,0,0,0,0
196048921112481000,0,0,0,0,1,0,0,0,0,0,0,0,0
195652967142146000,0,0,0,0,0,0,0,0,0,0,0,1,0
195642611858546000,0,0,0,0,0,1,0,1,0,0,0,0,0
195630415745269000,0,0,0,1,0,0,0,0,0,0,0,0,0
195318584141033000,0,0,0,0,0,0,0,1,0,0,0,0,0
195274935088844000,0,0,0,1,0,0,0,0,0,0,0,0,0
194338462541938000,0,0,0,0,0,0,0,0,0,1,0,0,0
193891255636344000,0,0,0,0,0,1,0,0,0,0,0,0,0
193563190712467000,0,0,0,0,0,1,0,0,0,0,0,0,0
193509333693247000,0,0,0,0,0,0,0,0,0,1,0,0,0
193414516443320000,0,0,0,1,0,0,0,0,0,0,0,0,0
193383887127326000,0,0,0,0,0,0,1,0,0,0,0,0,0
192885333522788000,0,0,0,0,0,0,0,0,0,1,0,0,0
192861241230893000,0,0,0,0,1,0,0,0,0,0,0,0,0
192851882471981000,0,0,0,0,0,0,1,0,0,0,0,0,0
192850656502087000,0,0,0,0,1,0,0,0,0,0,0,0,0
192717518937403000,0,0,0,0,0,1,0,0,0,0,0,0,0
192714421292908000,0,0,0,0,0,0,0,1,0,0,0,0,0
192150872233480000,0,0,0,0,0,0,1,0,0,0,0,0,0
192112289023930000,0,0,0,0,0,0,0,1,0,0,0,0,0
192067020269948000,0,0,0,1,0,0,0,0,0,0,0,0,0
191781602282569000,0,0,0,1,0,0,0,0,0,0,0,0,0
191781326389653000,0,0,0,0,0,0,0,0,0,1,0,0,0
191180517805277000,0,0,0,0,0,0,0,0,0,1,0,0,0
191016044775751000,0,0,0,0,0,0,1,0,0,0,0,0,0
190815285148782000,0,0,0,0,0,0,1,0,0,0,0,0,0
190807905207992000,0,0,0,0,1,0,0,0,0,0,0,0,0
190800015525027000,0,0,0,0,0,0,0,0,0,1,0,0,0
190798049696677000,0,0,0,0,0,0,0,0,0,1,0,0,0
190636812627218000,0,0,0,0,0,0,0,0,0,1,0,0,0
190608957084147000,0,0,0,0,0,0,0,1,0,0,0,0,0
190591696680136000,0,0,0,0,0,0,0,0,0,0,0,1,0
190583244222234000,0,0,0,0,0,0,0,1,0,0,0,0,0
190574869203795000,0,0,0,0,0,0,0,0,0,0,0,1,0
190565450395041000,0,0,0,0,0,0,0,1,0,0,0,0,0
190563909936222000,0,0,0,0,0,0,1,0,0,0,0,0,0
190289881686212000,0,0,0,0,0,0,0,0,0,1,0,0,0
190284306759950000,0,0,0,0,0,0,0,1,0,0,0,0,0
190283291528667000,0,0,0,0,0,0,0,1,0,0,0,0,0
190250977943752000,0,0,0,0,0,0,1,0,0,0,0,0,0
190216832446242000,0,0,0,0,0,1,0,0,0,0,0,0,0
190199964134154000,0,0,0,0,0,0,0,0,0,1,0,0,0
190183959815131000,0,0,0,0,0,0,0,0,0,0,0,0,1
190179342540750000,0,0,0,0,0,0,0,0,0,1,0,0,0
190120802627223000,0,0,0,0,0,0,0,0,0,1,0,0,0
415224400641003000,0,0,0,1,0,0,0,0,0,0,0,0,0
415223538761879000,0,0,0,0,0,1,0,0,0,0,0,0,0
415222711343140000,0,0,0,1,0,0,0,0,0,0,0,0,0
415157333875232000,0,0,0,0,0,0,0,1,0,0,0,0,0
414900976706142000,0,0,0,0,0,0,0,0,0,1,0,0,0
414512977405292000,1,0,0,0,0,0,0,0,0,0,0,0,0
414497453787058000,0,0,1,0,0,0,0,0,0,0,0,0,0
413723067387760000,0,0,0,0,0,0,0,0,0,1,0,0,0
413416552470691000,0,0,0,0,0,0,0,0,0,1,0,0,0
412633436315471000,0,0,1,0,0,0,0,0,0,0,0,0,0
412632645315858000,0,0,1,0,0,0,0,0,0,0,0,0,0
412181104590716000,0,0,0,0,0,0,0,0,0,1,0,0,0
411215853590700000,0,0,0,0,0,0,0,0,0,1,0,0,0
411213225452396000,0,0,0,1,0,0,0,0,0,0,0,0,0
410807005759434000,0,0,0,1,0,0,0,0,0,0,0,0,0
410806083595558000,0,0,0,1,0,0,0,0,0,0,0,0,0
410278180675928000,0,0,0,0,0,0,0,0,0,1,0,0,0
409466078616903000,0,0,0,0,0,0,0,0,0,1,0,0,0
408514940413423000,0,0,0,1,0,0,0,0,0,0,0,0,0
408494311949746000,0,0,0,1,0,0,0,0,0,0,0,0,0
407682892941516000,1,0,0,0,0,0,0,0,0,0,0,0,0
407348449953456000,0,0,0,0,0,0,1,0,0,0,0,0,0
406587855176495000,0,0,0,0,0,0,0,1,0,0,0,0,0
406531610692292000,0,0,0,0,0,0,0,1,0,0,0,0,0
406471978976292000,0,0,0,0,0,0,0,0,0,1,0,0,0
406183319878242000,0,0,0,1,0,0,0,0,0,0,0,0,0
406132191106990000,0,0,0,1,0,0,0,0,0,0,0,0,0
405817529425477000,0,0,0,0,1,0,0,0,0,0,0,0,0
405411602671099000,1,0,0,0,0,0,0,0,0,0,0,0,0
404780256189751000,0,0,0,0,0,1,0,0,0,0,0,0,0
404764021544738000,0,0,0,0,0,0,1,0,0,0,0,0,0
404045480377982000,1,0,0,0,0,0,0,0,0,0,0,0,0
404025404195082000,0,0,0,1,0,0,0,0,0,0,0,0,0
403983120602791000,0,0,0,1,0,0,0,0,0,0,0,0,0
403009165209403000,0,0,0,0,1,0,0,0,0,0,0,0,0
402599602769387000,0,0,0,1,0,0,0,0,0,0,0,0,0
402262784727351000,0,0,0,1,0,0,0,0,0,0,0,0,0
401912145316937000,0,0,0,1,0,0,0,0,0,0,0,0,0
401553688046895000,1,0,0,0,0,0,0,0,0,0,0,0,0
401486551169138000,0,0,0,1,0,0,0,0,0,0,0,0,0
401198871512363000,0,0,0,0,0,0,0,0,0,1,0,0,0
400902030602301000,0,0,0,0,0,0,0,0,0,1,0,0,0
400601950133440000,0,0,1,0,0,0,0,0,0,0,0,0,0
400516825433505000,0,0,0,0,1,0,0,0,0,0,0,0,0
400503971724685000,0,0,0,0,0,0,0,1,0,0,0,0,0
399567808566403000,0,0,0,0,0,0,0,1,0,0,0,0,0
399444900690677000,0,0,0,1,0,0,0,0,0,0,0,0,0
399384374887845000,0,0,0,0,0,0,0,0,0,1,0,0,0
398994607671095000,0,0,0,0,0,0,0,0,0,1,0,0,0
398837071269621000,0,0,0,0,0,0,0,0,0,1,0,0,0
398626287075753000,0,0,0,0,0,0,0,0,0,1,0,0,0
397949571269414000,0,0,0,0,0,0,0,0,0,0,0,0,1
397890638613872000,0,0,0,1,0,0,0,0,0,0,0,0,0
397601894941462000,0,0,1,0,0,0,0,0,0,0,0,0,0
396227987185868000,0,0,1,0,0,0,0,0,0,0,0,0,0
395353809670930000,0,0,0,1,0,0,0,0,0,0,0,0,0
395340678253002000,0,0,0,0,0,0,0,1,0,0,0,0,0
395333707592384000,0,0,0,0,0,0,0,1,0,0,0,0,0
395278369581199000,0,0,0,1,0,0,0,0,0,0,0,0,0
394212156666695000,0,0,0,0,0,0,0,0,1,0,0,0,0
394201834388475000,0,0,0,0,0,0,1,0,0,0,0,0,0
393960295598931000,0,0,0,0,1,0,0,0,0,0,0,0,0
393937193947119000,0,0,0,0,0,0,0,0,0,0,0,0,0
393896517347848000,0,0,0,1,0,0,0,0,0,0,0,0,0
393561341380001000,0,0,0,0,0,0,0,1,0,0,0,0,0
393147141897854000,0,0,0,0,1,0,0,0,0,0,0,0,0
392866068148264000,0,0,0,0,1,0,0,0,0,0,0,0,0
391731262853251000,0,0,0,0,0,0,0,0,0,1,0,0,0
391511478039490000,0,0,0,0,0,0,1,0,0,0,0,0,0
391350361963106000,1,0,0,0,0,0,0,0,0,0,0,0,0
390714735467196000,0,0,0,0,0,0,0,0,0,1,0,0,0
390704329235386000,0,0,0,1,0,0,0,0,0,0,0,0,0
390660718892449000,0,0,0,0,0,0,0,0,0,0,0,1,0
389951043595153000,0,0,0,1,0,0,0,0,0,0,0,0,0
389271263375818000,0,0,0,0,0,0,0,0,0,0,0,0,1
389230782960902000,0,0,1,0,0,0,0,0,0,0,0,0,0
389148113799499000,1,0,0,0,0,0,0,0,0,0,0,0,0
388782109579833000,0,0,0,0,0,0,0,0,0,1,0,0,0
388511432457068000,0,0,0,0,0,0,0,0,0,1,0,0,0
388476476334817000,0,0,0,1,0,0,0,0,0,0,0,0,0
388425747419103000,0,0,0,0,0,0,0,0,0,0,0,0,0
388111114523140000,0,0,0,1,0,0,0,0,0,0,0,0,0
387771614915739000,0,0,0,0,0,0,0,1,0,0,0,0,0
387470312503517000,0,0,0,1,0,0,0,0,0,0,0,0,0
386448683027664000,0,0,0,0,1,0,0,0,0,0,0,0,0
386258245876473000,0,0,1,0,0,0,0,0,0,0,0,0,0
385984935770988000,0,0,0,0,0,0,1,0,0,0,0,0,0
385050002608762000,0,0,0,0,0,0,0,0,1,0,0,0,0
385030246292267000,0,0,0,1,0,0,0,0,0,0,0,0,0
384837255665573000,0,0,0,1,0,0,0,0,0,0,0,0,0
383044414291324000,0,0,0,0,0,0,0,0,0,1,0,0,0
382618199918792000,0,0,1,0,0,0,0,0,0,0,0,0,0
382615313034264000,0,0,0,1,0,0,0,0,0,0,0,0,0
382244415437541000,0,0,0,1,0,0,0,0,0,0,0,0,0
381531559238856000,0,0,0,1,0,0,0,0,0,0,0,0,0
381207271528988000,0,0,0,1,0,0,0,0,0,0,0,0,0
380457682236604000,0,0,0,0,0,0,0,0,0,1,0,0,0
380444797129228000,0,0,0,1,0,0,0,0,0,0,0,0,0
380417769411710000,1,0,0,0,0,0,0,0,0,0,0,0,0
380006760767315000,0,0,0,1,0,0,0,0,0,0,0,0,0
379795435596283000,0,0,0,0,0,0,0,0,0,1,0,0,0
379612817198166000,0,0,0,0,1,0,0,0,0,0,0,0,0
379601228764028000,0,0,0,0,1,0,0,0,0,0,0,0,0
379374671323750000,0,0,0,1,0,0,0,0,0,0,0,0,0
379177021538304000,0,0,0,1,0,0,0,0,0,0,0,0,0
379009552567795000,0,0,0,1,0,0,0,0,0,0,0,0,0
379000214667137000,0,0,0,0,0,0,0,0,0,1,0,0,0
378893251711090000,1,0,0,0,0,0,0,0,0,0,0,0,0
378772850356019000,0,0,0,0,0,0,0,0,0,1,0,0,0
378214705267220000,1,0,0,0,0,0,0,0,0,0,0,0,0
378198605540380000,0,0,0,0,0,0,0,0,0,1,0,0,0
378166339762155000,0,0,0,1,0,0,0,0,0,0,0,0,0
377997517105164000,0,0,0,0,0,0,0,0,0,1,0,0,0
377766820377542000,0,0,0,1,0,0,0,0,0,0,0,0,0
377757670264299000,0,0,0,1,0,0,0,0,0,0,0,0,0
377374490826924000,1,0,0,0,0,0,0,0,0,0,0,0,0
377370441540980000,0,0,0,0,0,0,0,0,0,1,0,0,0
377074645738221000,0,0,0,0,0,0,0,0,0,1,0,0,0
376695522759032000,0,0,0,1,0,0,0,0,0,0,0,0,0
376367937499971000,1,0,0,0,0,0,0,0,0,0,0,0,0
375818663372533000,0,0,0,0,0,0,0,0,0,1,0,0,0
375435595327492000,0,0,0,0,0,0,0,0,0,1,0,0,0
375418148490854000,1,0,0,0,0,0,0,0,0,0,0,0,0
374697762631450000,0,0,0,1,0,0,0,0,0,0,0,0,0
374650888776065000,0,0,0,1,0,0,0,0,0,0,0,0,0
374621642817036000,1,0,0,0,0,0,0,0,0,0,0,0,0
374484339666747000,0,0,0,1,0,0,0,0,0,0,0,0,0
374048356655702000,0,0,0,0,0,0,0,0,0,1,0,0,0
373842053710376000,0,0,0,0,0,0,0,0,0,1,0,0,0
373822540256669000,0,0,0,0,0,0,0,0,0,1,0,0,0
373691708233752000,0,0,0,1,0,0,0,0,0,0,0,0,0
373629769507954000,1,0,0,0,0,0,0,0,0,0,0,0,0
373218788596285000,0,0,0,0,0,0,0,0,0,1,0,0,0
373197724851912000,0,0,0,0,0,0,0,0,0,0,0,1,0
372890334344540000,1,0,0,0,0,0,0,0,0,0,0,0,0
371967283658518000,1,0,0,0,0,0,0,0,0,0,0,0,0
371957209761992000,1,0,0,0,0,0,0,0,0,0,0,0,0
371954382801076000,1,0,0,0,0,0,0,0,0,0,0,0,0
371954165666156000,0,0,0,0,0,0,0,0,0,1,0,0,0
371952622032277000,0,0,0,0,0,0,0,0,0,1,0,0,0
371951141040312000,0,0,0,0,0,0,0,0,0,0,1,0,0
371747169868738000,0,0,0,1,0,0,0,0,0,0,0,0,0
371121457419780000,1,0,0,0,0,0,0,0,0,0,0,0,0
370753424104902000,0,0,0,1,0,0,0,0,0,0,0,0,0
370395469215969000,0,0,0,0,0,0,0,0,0,1,0,0,0
370332372715438000,0,0,0,1,0,0,0,0,0,0,0,0,0
370303330385682000,0,0,0,0,0,0,0,0,0,1,0,0,0
370281777023033000,0,0,0,0,0,0,0,0,0,1,0,0,0
369625582738616000,0,0,0,0,0,0,0,0,0,0,0,1,0
369369715413504000,0,0,0,0,0,0,0,0,0,1,0,0,0
369181022312620000,1,0,0,0,0,0,0,0,0,0,0,0,0
368435773143777000,1,0,0,0,0,0,0,0,0,0,0,0,0
368427048907591000,0,0,0,1,0,0,0,0,0,0,0,0,0
368240688313675000,1,0,0,0,0,0,0,0,0,0,0,0,0
368147200779780000,1,0,0,0,0,0,0,0,0,0,0,0,0
367854814417682000,1,0,0,0,0,0,0,0,0,0,0,0,0
367825353571848000,1,0,0,0,0,0,0,0,0,0,0,0,0
367690529527824000,0,0,0,1,0,0,0,0,0,0,0,0,0
367685395909468000,0,0,0,0,0,0,0,0,0,1,0,0,0
367460679818956000,1,0,0,0,0,0,0,0,0,0,0,0,0
367128225459482000,1,0,0,0,0,0,0,0,0,0,0,0,0
367069470931824000,0,0,0,1,0,0,0,0,0,0,0,0,0
366979716290318000,0,0,0,0,0,0,0,0,0,1,0,0,0
366920938849173000,0,0,0,0,0,0,0,0,0,1,0,0,0
365977069743652000,0,0,0,0,0,0,0,0,0,1,0,0,0
365926882388099000,0,0,0,0,0,0,0,0,0,0,0,0,1
365533973914468000,0,0,0,0,0,0,0,0,0,1,0,0,0
365360307570360000,1,0,0,0,0,0,0,0,0,0,0,0,0
365346763340652000,1,0,0,0,0,0,0,0,0,0,0,0,0
365197489315397000,0,0,0,0,0,0,0,0,0,1,0,0,0
364584986206150000,0,0,0,1,0,0,0,0,0,0,0,0,0
364472452111663000,0,0,0,1,0,0,0,0,0,0,0,0,0
363845529693720000,0,0,0,1,0,0,0,0,0,0,0,0,0
363842671355641000,1,0,0,0,0,0,0,0,0,0,0,0,0
363804249966129000,0,0,0,0,0,0,0,0,0,1,0,0,0
362806576400199000,0,0,0,1,0,0,0,0,0,0,0,0,0
362784980293779000,0,0,0,0,1,0,0,0,0,0,0,0,0
362657989817151000,0,0,0,1,0,0,0,0,0,0,0,0,0
362566849273143000,0,0,0,1,0,0,0,0,0,0,0,0,0
362558933036044000,0,0,0,1,0,0,0,0,0,0,0,0,0
361544704644497000,0,0,0,1,0,0,0,0,0,0,0,0,0
361255750082891000,0,0,0,0,0,0,0,0,0,1,0,0,0
361243146769809000,0,0,0,0,0,0,0,0,0,1,0,0,0
361241681464528000,0,0,0,1,0,0,0,0,0,0,0,0,0
361230245413650000,0,0,0,1,0,0,0,0,0,0,0,0,0
360259195066527000,1,0,0,0,0,0,0,0,0,0,0,0,0
360233205544140000,0,0,0,1,0,0,0,0,0,0,0,0,0
359035848710303000,0,0,0,1,0,0,0,0,0,0,0,0,0
358939088189009000,1,0,0,0,0,0,0,0,0,0,0,0,0
358936915573092000,1,0,0,0,0,0,0,0,0,0,0,0,0
358823844779278000,0,0,0,1,0,0,0,0,0,0,0,0,0
358795353283235000,0,0,0,1,0,0,0,0,0,0,0,0,0
358775708882960000,0,0,0,0,0,0,0,0,0,1,0,0,0
358565322585931000,0,0,0,1,0,0,0,0,0,0,0,0,0
358327943140872000,0,0,0,0,0,0,0,0,0,0,0,0,0
357278349367836000,0,0,0,0,0,0,0,0,0,1,0,0,0
356850677064019000,0,0,0,0,0,0,0,0,0,1,0,0,0
356193548904824000,0,0,0,1,0,0,0,0,0,0,0,0,0
356120456849403000,0,0,0,0,0,0,0,0,0,1,0,0,0
355516824441466000,0,0,0,1,0,0,0,0,0,0,0,0,0
355474886329774000,0,0,0,1,0,0,0,0,0,0,0,0,0
355459354515865000,1,0,0,0,0,0,0,0,0,0,0,0,0
355088440720756000,1,0,0,0,0,0,0,0,0,0,0,0,0
354686764939612000,0,0,0,1,0,0,0,0,0,0,0,0,0
354684302044299000,0,0,0,0,0,0,0,0,0,0,0,0,0
352680886044610000,1,0,0,0,0,0,0,0,0,0,0,0,0
351196386877915000,0,0,0,1,0,0,0,0,0,0,0,0,0
351195675888861000,0,0,0,1,0,0,0,0,0,0,0,0,0
349635936939802000,1,0,0,0,0,0,0,0,0,0,0,0,0
349336733906771000,1,0,0,0,0,0,0,0,0,0,0,0,0
348946937665425000,0,0,1,0,0,0,0,0,0,0,0,0,0
345386359625752000,0,0,0,0,0,0,0,0,0,1,0,0,0
345332010316865000,0,0,0,1,0,0,0,0,0,0,0,0,0
344311285057478000,0,0,0,1,0,0,0,0,0,0,0,0,0
344174646268137000,1,0,0,0,0,0,0,0,0,0,0,0,0
343932806445027000,0,0,0,0,0,0,0,0,0,1,0,0,0
343256526938595000,0,0,0,1,0,0,0,0,0,0,0,0,0
341781328355786000,0,0,0,1,0,0,0,0,0,0,0,0,0
341115376161136000,0,0,0,1,0,0,0,0,0,0,0,0,0
340689797712584000,0,0,0,1,0,0,0,0,0,0,0,0,0
340542740632846000,0,0,0,0,0,0,0,0,0,1,0,0,0
340372541640155000,1,0,0,0,0,0,0,0,0,0,0,0,0
339911050910646000,0,0,0,0,0,0,0,0,0,1,0,0,0
339908538497396000,0,0,0,0,0,0,0,0,0,1,0,0,0
338849557574205000,1,0,0,0,0,0,0,0,0,0,0,0,0
338814011187539000,0,0,0,1,0,0,0,0,0,0,0,0,0
338767826083008000,0,0,0,1,0,0,0,0,0,0,0,0,0
338511213052968000,1,0,0,0,0,0,0,0,0,0,0,0,0
337745358102872000,0,0,0,0,0,0,0,0,0,1,0,0,0
337718281966321000,0,0,0,1,0,0,0,0,0,0,0,0,0
337452794955063000,0,0,0,0,0,0,0,0,0,1,0,0,0
337310917870104000,0,0,0,1,0,0,0,0,0,0,0,0,0
336274864581275000,0,0,0,0,0,0,0,0,0,0,0,0,1
336269239923142000,0,0,0,0,0,0,0,0,0,1,0,0,0
336266997958586000,0,0,0,0,0,0,0,0,0,1,0,0,0
335956882554494000,0,0,0,1,0,0,0,0,0,0,0,0,0
335490543557701000,0,0,0,1,0,0,0,0,0,0,0,0,0
335361109668278000,0,0,0,1,0,0,0,0,0,0,0,0,0
335323839078731000,1,0,0,0,0,0,0,0,0,0,0,0,0
335258271545966000,0,0,0,0,0,0,0,0,0,1,0,0,0
335206992513748000,0,0,0,0,0,1,0,0,0,0,0,0,0
335148222555242000,0,0,0,1,0,0,0,0,0,0,0,0,0
334797440404316000,0,0,0,1,0,0,0,0,0,0,0,0,0
334787932646957000,0,0,0,0,0,0,0,0,0,1,0,0,0
333402966113517000,0,0,0,0,0,0,0,0,0,1,0,0,0
333400976725770000,0,0,0,1,0,0,0,0,0,0,0,0,0
330636045773320000,0,0,0,1,0,0,0,0,0,0,0,0,0
330588723496513000,0,0,0,1,0,0,0,0,0,0,0,0,0
330463761808896000,1,0,0,0,0,0,0,0,0,0,0,0,0
329928398988259000,0,0,0,1,0,0,0,0,0,0,0,0,0
329645264451276000,0,1,0,0,0,0,0,0,0,0,0,0,0
329602554797387000,1,0,0,0,0,0,0,0,0,0,0,0,0
329275313198604000,0,0,0,0,0,0,0,0,0,1,0,0,0
329158751204548000,0,0,0,0,0,0,0,0,0,1,0,0,0
328899005960564000,0,0,0,0,0,0,0,0,0,1,0,0,0
328867214612627000,0,0,0,1,0,0,0,0,0,0,0,0,0
328741573095469000,0,0,0,1,0,0,0,0,0,0,0,0,0
328553648948932000,0,0,0,1,0,0,0,0,0,0,0,0,0
328511695737729000,0,0,0,0,0,0,0,0,0,1,0,0,0
328192467914588000,0,0,0,0,0,0,0,0,0,1,0,0,0
328157835974291000,0,0,0,0,0,0,0,0,0,1,0,0,0
327866482459557000,0,0,0,0,0,0,0,0,0,1,0,0,0
327465935118139000,0,0,0,0,0,0,0,0,0,1,0,0,0
326911076396568000,0,0,0,1,0,0,0,0,0,0,0,0,0
326466234004697000,0,0,0,1,0,0,0,0,0,0,0,0,0
326460445936476000,0,0,0,0,0,0,0,0,0,0,0,0,1
326339962414956000,0,0,0,0,0,0,0,0,0,1,0,0,0
326228781993967000,0,0,0,1,0,0,0,0,0,0,0,0,0
325774115388682000,0,0,0,0,0,0,0,0,0,0,0,0,0
325738091874766000,0,0,0,0,0,0,0,0,0,0,0,0,0
325339235915804000,0,0,0,1,0,0,0,0,0,0,0,0,0
325022893853511000,0,0,0,0,0,0,0,0,0,1,0,0,0
324771491059208000,1,0,0,0,0,0,0,0,0,0,0,0,0
324290053494943000,1,0,0,0,0,0,0,0,0,0,0,0,0
323915631655260000,0,0,0,0,0,0,0,0,0,1,0,0,0
323912201784143000,0,0,0,1,0,0,0,0,0,0,0,0,0
323572324345450000,0,0,0,1,0,0,0,0,0,0,0,0,0
323546841935400000,0,0,0,1,0,0,0,0,0,0,0,0,0
323229906253271000,0,0,0,1,0,0,0,0,0,0,0,0,0
323218386052071000,0,0,0,0,0,0,0,0,0,1,0,0,0
323071830703366000,1,0,0,0,0,0,0,0,0,0,0,0,0
323071007843819000,1,0,0,0,0,0,0,0,0,0,0,0,0
323021544496447000,1,0,0,0,0,0,0,0,0,0,0,0,0
322975050305257000,0,0,0,1,0,0,0,0,0,0,0,0,0
322860776849281000,0,0,0,1,0,0,0,0,0,0,0,0,0
322516689428299000,0,0,0,0,0,0,0,0,0,1,0,0,0
322255871562371000,1,0,0,0,0,0,0,0,0,0,0,0,0
322071957321433000,0,0,0,1,0,0,0,0,0,0,0,0,0
321829277412773000,0,0,0,1,0,0,0,0,0,0,0,0,0
321805918562045000,0,0,0,1,0,0,0,0,0,0,0,0,0
321712190421889000,0,1,0,0,0,0,0,0,0,0,0,0,0
321499640933523000,0,0,0,1,0,0,0,0,0,0,0,0,0
321454815945306000,0,0,0,0,0,0,0,0,0,1,0,0,0
321410736926621000,0,0,0,1,0,0,0,0,0,0,0,0,0
321327436153384000,0,0,0,0,0,0,0,0,0,1,0,0,0
321072485372153000,0,1,0,0,0,0,0,0,0,0,0,0,0
321029770202718000,0,0,0,1,0,0,0,0,0,0,0,0,0
320740485981425000,0,0,0,1,0,0,0,0,0,0,0,0,0
320384245216444000,1,0,0,0,0,0,0,0,0,0,0,0,0
319602845420773000,0,0,0,1,0,0,0,0,0,0,0,0,0
319544883142606000,0,0,0,0,0,0,0,0,0,1,0,0,0
318572927094226000,1,0,0,0,0,0,0,0,0,0,0,0,0
318149080142462000,0,0,0,1,0,0,0,0,0,0,0,0,0
318131305239953000,0,0,0,0,0,0,0,1,0,0,0,0,0
317803220762230000,0,0,0,1,0,0,0,0,0,0,0,0,0
317551245109911000,0,0,0,0,0,0,0,0,0,1,0,0,0
317496510654861000,0,0,0,0,0,0,0,1,0,0,0,0,0
317456157016993000,0,0,0,0,0,0,0,0,0,1,0,0,0
317407011824365000,0,0,0,0,0,0,0,0,0,0,0,1,0
317368950918889000,0,0,0,1,0,0,0,0,0,0,0,0,0
317088928932954000,0,0,0,1,0,0,0,0,0,0,0,0,0
316779744391725000,1,0,0,0,0,0,0,0,0,0,0,0,0
316598606180274000,0,0,0,0,1,0,0,0,0,0,0,0,0
316305050853060000,0,0,0,1,0,0,0,0,0,0,0,0,0
316293403744825000,0,0,0,0,0,0,0,0,0,1,0,0,0
315377819888787000,0,0,0,0,0,0,0,0,1,0,0,0,0
315143060403150000,0,0,0,0,0,0,0,1,0,0,0,0,0
314936243332997000,0,0,0,1,0,0,0,0,0,0,0,0,0
314816274037366000,0,0,0,1,0,0,0,0,0,0,0,0,0
314775113977438000,0,0,0,1,0,0,0,0,0,0,0,0,0
314485300783087000,0,0,0,1,0,0,0,0,0,0,0,0,0
314481810346217000,0,0,0,0,0,0,0,0,0,0,1,0,0
314190480944537000,0,0,0,0,1,0,0,0,0,0,0,0,0
0,0,0,0,0,0,0,0,0,0,0,0,0,0
314179823843028000,0,0,0,1,0,0,0,0,0,0,0,0,0
313732909532057000,0,0,0,0,0,0,1,0,0,0,0,0,0
313489139569917000,0,0,0,1,0,0,0,0,0,0,0,0,0
312074829446651000,0,0,0,1,0,0,0,0,0,0,0,0,0
312049693146370000,0,0,0,1,0,0,0,0,0,0,0,0,0
311947579904647000,0,0,0,0,0,0,0,1,0,0,0,0,0
311576858154127000,1,0,0,0,0,0,0,0,0,0,0,0,0
311570731962085000,1,0,0,0,0,0,0,0,0,0,0,0,0
311472456051343000,0,0,0,1,0,0,0,0,0,0,0,0,0
311363096071507000,0,0,0,1,0,0,0,0,0,0,0,0,0
311275753469792000,0,0,0,0,0,0,0,0,0,1,0,0,0
311254216637296000,0,0,0,0,0,0,0,1,0,0,0,0,0
311163626058817000,0,0,0,0,0,0,0,0,0,0,0,1,0
311156494026551000,0,0,0,0,0,0,0,0,0,1,0,0,0
311125625589088000,0,0,0,1,0,0,0,0,0,0,0,0,0
310871434480201000,0,0,0,1,0,0,0,0,0,0,0,0,0
310846149064007000,0,0,0,0,0,0,1,0,0,0,0,0,0
310835761790451000,1,0,0,0,0,0,0,0,0,0,0,0,0
310797797890850000,1,0,0,0,0,0,0,0,0,0,0,0,0
310786837805428000,0,0,0,0,1,0,0,0,0,0,0,0,0
310353879005028000,0,0,0,0,1,0,0,0,0,0,0,0,0
309971796076158000,0,0,0,1,0,0,0,0,0,0,0,0,0
309912842944004000,1,0,0,0,0,0,0,0,0,0,0,0,0
309861776500064000,0,0,0,0,1,0,0,0,0,0,0,0,0
309740231240871000,0,0,0,0,0,0,0,0,0,1,0,0,0
309613060765667000,0,0,0,0,0,0,0,0,0,1,0,0,0
309489581957447000,0,0,0,0,0,0,0,0,0,1,0,0,0
309331943370133000,0,0,0,0,0,0,1,0,0,0,0,0,0
309304096014364000,1,0,0,0,0,0,0,0,0,0,0,0,0
309168303178407000,1,0,0,0,0,0,0,0,0,0,0,0,0
309157444389584000,1,0,0,0,0,0,0,0,0,0,0,0,0
309153496387686000,0,0,0,0,0,0,0,0,0,1,0,0,0
308855485753344000,0,0,0,1,0,0,0,0,0,0,0,0,0
308838305598947000,0,0,0,1,0,0,0,0,0,0,0,0,0
308788313089781000,0,0,0,0,0,0,0,1,0,0,0,0,0
308752952573718000,0,0,0,1,0,0,0,0,0,0,0,0,0
308423543257964000,0,0,0,0,0,0,0,0,0,1,0,0,0
308055047118389000,0,0,0,1,0,0,0,0,0,0,0,0,0
308037223918469000,0,0,0,1,0,0,0,0,0,0,0,0,0
308006703083974000,1,0,0,0,0,0,0,0,0,0,0,0,0
307426282243768000,1,0,0,0,0,0,0,0,0,0,0,0,0
307324029046489000,1,0,0,0,0,0,0,0,0,0,0,0,0
307296095514537000,0,0,0,1,0,0,0,0,0,1,0,0,0
306893438400487000,0,0,0,0,0,0,0,0,0,1,0,0,0
306796065762463000,0,0,0,0,0,0,0,1,0,0,0,0,0
306714576555241000,0,0,0,1,0,0,0,0,0,0,0,0,0
306650311840387000,0,0,0,0,0,0,0,0,0,1,0,0,0
306627695880572000,0,0,0,0,0,0,0,0,0,1,0,0,0
306572050967977000,0,0,0,0,0,0,0,0,0,1,0,0,0
306568431635931000,1,0,0,0,0,0,0,0,0,0,0,0,0
306496975438749000,0,0,0,0,0,0,0,0,0,1,0,0,0
306268286121828000,0,0,0,1,0,0,0,0,0,0,0,0,0
306267585060691000,0,0,0,0,0,0,0,0,0,1,0,0,0
306216569753722000,0,0,0,0,0,0,0,0,1,0,0,0,0
306204117217472000,0,1,0,0,0,0,0,0,0,0,0,0,0
305953572196073000,0,0,0,0,0,0,0,1,0,0,0,0,0
305762995642961000,0,0,0,0,0,0,1,0,0,0,0,0,0
305680999755444000,1,0,0,0,0,0,0,0,0,0,0,0,0
305656550813474000,0,0,0,1,0,0,0,0,0,0,0,0,0
305652341212852000,0,0,0,0,0,0,0,0,0,1,0,0,0
305507177504849000,0,0,0,0,0,1,0,0,0,0,0,0,0
305489382339670000,0,0,0,0,1,0,0,0,0,0,0,0,0
305489125396586000,0,0,0,0,0,0,1,0,0,0,0,0,0
305485453736439000,0,0,1,0,0,0,0,0,0,0,0,0,0
305473478822346000,0,0,0,0,0,0,1,0,0,0,0,0,0
305461283552108000,0,0,0,0,1,0,0,0,0,0,0,0,0
305401222913990000,0,0,0,0,0,0,0,1,0,0,0,0,0
305181384991985000,0,0,0,0,0,0,0,1,0,0,0,0,0
305181224773775000,0,0,0,0,0,0,0,0,0,0,0,1,0
305124519708864000,0,0,0,0,0,0,0,0,0,0,0,1,0
305093587224375000,0,0,0,0,0,0,0,0,0,0,0,0,1
304796485294374000,0,1,0,0,0,0,0,0,0,0,0,0,0
304790922120548000,0,0,0,0,1,0,0,0,0,0,0,0,0
304477318280257000,0,0,0,0,0,0,0,0,0,1,0,0,0
304400027319681000,0,0,1,0,0,0,0,0,0,0,0,0,0
304350653118025000,0,0,0,0,0,1,0,0,0,0,0,0,0
303978152173133000,0,0,0,0,0,0,0,1,0,0,0,0,0
303268794766352000,0,0,0,0,0,0,0,0,0,1,0,0,0
303088810307231000,0,0,0,0,0,0,0,1,0,0,0,0,0
303033029671124000,0,0,0,0,0,0,0,0,0,1,0,0,0
302859521351626000,0,0,0,0,0,0,0,1,0,0,0,0,0
302697059583160000,0,0,0,0,1,0,0,0,0,0,0,0,0
302634929542549000,0,0,0,0,0,0,1,0,0,0,0,0,0
302602662493442000,0,0,0,0,0,0,1,0,0,0,0,0,0
302326801001230000,0,0,0,0,0,0,0,0,0,0,1,0,0
302295589981413000,0,0,0,0,0,0,0,0,0,0,0,1,0
302262735561961000,0,0,0,0,0,0,0,1,0,0,0,0,0
302214213500280000,0,0,0,0,0,1,0,0,0,0,0,0,0
301827283717607000,0,0,0,0,0,0,0,0,1,0,0,0,0
301482750769258000,0,0,0,0,0,0,0,0,0,0,1,0,0
301479366842515000,0,0,0,0,0,1,0,0,0,0,0,0,0
301142175335464000,0,0,0,0,0,0,0,0,0,0,0,1,0
300106846449045000,0,0,0,0,0,0,0,0,0,1,0,0,0
300069411786731000,0,1,0,0,0,0,0,0,0,0,0,0,0
300034045214072000,0,0,0,0,0,0,1,0,0,0,0,0,0
299687397237600000,0,0,0,0,0,0,0,1,0,0,0,0,0
299630289158819000,0,0,0,0,0,0,0,0,0,1,0,0,0
299358460993228000,0,0,0,0,0,0,0,0,0,0,0,0,1
299267581364273000,0,0,0,0,0,0,1,0,0,0,0,0,0
298832408533405000,0,0,0,0,0,1,0,0,0,0,0,0,0
298709515250061000,0,0,0,0,0,0,0,0,0,1,0,0,0
298215969346707000,0,1,0,0,0,0,0,0,0,0,0,0,0
298210159061237000,0,0,0,0,0,0,0,0,0,1,0,0,0
298194005223698000,0,0,0,0,0,0,0,0,0,0,0,0,1
298184262044246000,0,1,0,0,0,0,0,0,0,0,0,0,0
297639236360876000,0,0,0,0,0,0,1,0,0,0,0,0,0
297523224873406000,0,0,0,0,0,0,0,1,0,0,0,0,0
297232722135511000,0,0,0,0,1,0,0,0,0,0,0,0,0
297189798962155000,0,0,0,0,0,0,1,0,0,0,0,0,0
297165918335823000,0,0,0,0,0,0,0,0,0,1,0,0,0
297125437748953000,0,0,0,0,0,0,0,0,0,0,0,1,0
297121760577478000,0,0,0,0,0,0,0,0,1,0,0,0,0
296873594271694000,0,0,0,0,0,1,0,0,0,0,0,0,0
296392997975760000,0,0,0,0,0,0,1,0,0,0,0,0,0
296341993330708000,0,0,0,0,0,0,1,0,0,0,0,0,0
296301696622133000,0,0,0,0,0,0,0,0,0,1,0,0,0
295990185823453000,0,0,0,0,0,0,0,0,0,1,0,0,0
295971767065923000,0,0,0,0,0,0,0,0,0,0,1,0,0
295859630251323000,0,0,1,0,0,0,0,0,0,0,0,0,0
295813623018819000,0,0,0,0,0,0,0,0,1,0,0,0,0
295771974716760000,0,0,0,0,0,0,0,0,0,0,0,0,1
295677019407147000,0,0,0,0,0,0,0,1,0,0,0,0,0
295638254810722000,0,0,0,0,0,0,1,0,0,0,0,0,0
294964690914791000,0,0,0,0,0,0,0,0,0,0,0,0,1
294924574783569000,0,0,0,0,0,1,0,0,0,0,0,0,0
294676824246583000,0,0,0,0,0,1,0,0,0,0,0,0,0
294632011522523000,0,0,0,0,0,0,0,0,0,1,0,0,0
294601145798782000,0,0,0,0,0,1,0,0,0,0,0,0,0
293891684843003000,0,0,0,0,0,0,0,0,0,0,0,0,1
293851757359009000,0,0,0,0,0,0,1,0,0,0,0,0,0
293770751977340000,0,0,0,0,0,0,0,0,1,0,0,0,0
293587227555020000,0,0,0,0,0,1,0,0,0,0,0,0,0
293506868318453000,0,0,0,0,0,0,0,1,0,0,0,0,0
293179101550891000,0,0,1,0,0,0,0,0,0,0,0,0,0
292747035860426000,0,0,0,0,0,0,0,0,0,0,1,0,0
292728932355145000,0,0,0,0,0,0,0,0,1,0,0,0,0
292389084318560000,0,0,0,0,0,0,0,0,1,0,0,0,0
292300554737168000,0,0,0,0,1,0,0,0,0,0,0,0,0
292088192801333000,0,0,0,0,0,0,0,0,0,0,1,0,0
291782581043748000,0,0,0,0,0,0,0,1,0,0,0,0,0
291765931821133000,0,0,0,0,0,1,0,0,0,0,0,0,0
291621538782912000,0,0,0,0,0,0,0,0,0,1,0,0,0
291603610914156000,0,0,0,0,0,0,0,0,0,0,0,0,1
291566138192707000,0,0,0,0,0,0,0,0,0,0,1,0,0
291348075740553000,0,0,0,0,0,0,0,0,0,0,0,1,0
291235498721177000,0,0,0,0,0,0,0,0,0,1,0,0,0
291033025335132000,0,0,0,0,0,0,0,1,0,0,0,0,0
291011569918300000,0,0,0,0,1,0,0,0,0,0,0,0,0
290917436297990000,0,0,0,0,0,1,0,0,0,0,0,0,0
290898967217197000,0,0,0,0,0,0,0,0,0,1,0,0,0
290867092528443000,0,0,0,0,0,0,1,0,0,0,0,0,0
290697557116600000,0,0,1,0,0,0,0,0,0,0,0,0,0
290663026951061000,0,0,0,0,0,0,0,0,0,0,0,0,1
290446287856345000,0,1,0,0,0,0,0,0,0,0,0,0,0
290314401406398000,1,0,0,0,0,0,0,0,0,0,0,0,0
289974715420925000,0,0,0,0,0,0,0,0,0,1,0,0,0
289924577700753000,0,0,0,0,0,0,0,0,0,0,0,1,0
289640936764477000,0,0,0,0,0,0,0,0,0,0,0,1,0
289592097420492000,0,0,0,0,0,1,0,0,0,0,0,0,0
289575573469147000,0,0,0,0,0,0,0,0,0,0,0,0,1
289539889429626000,0,0,0,0,0,0,0,0,0,0,1,0,0
289338387704463000,0,0,0,0,0,1,0,0,0,0,0,0,0
289240801488273000,0,0,0,0,1,0,0,0,0,0,0,0,0
289207675206631000,0,0,0,0,0,0,0,0,0,0,1,0,0
289160468206075000,0,0,0,0,0,0,0,0,0,0,0,0,1
288987442567057000,0,0,0,0,0,0,0,0,1,0,0,0,0
288885757437943000,0,1,0,0,0,0,0,0,0,0,0,0,0
288808078072225000,0,0,0,0,0,0,0,0,0,1,0,0,0
288640483297751000,0,0,0,0,0,0,0,1,0,0,0,0,0
288524545407721000,0,0,0,0,0,0,1,0,0,0,0,0,0
288419023937470000,0,0,0,0,0,1,0,0,0,0,0,0,0
288283518772051000,0,0,0,0,0,0,0,0,0,0,0,1,0
288175856420007000,0,0,0,0,0,0,0,0,0,0,1,0,0
288064325812367000,0,0,0,0,0,0,0,0,0,0,0,0,1
287838500789841000,0,0,0,0,0,0,0,0,0,1,0,0,0
287700654179364000,0,0,0,0,0,0,0,0,0,0,0,0,1
1109198095852730000,0,0,0,0,0,0,0,0,0,1,0,0,0
1106676484205360000,0,0,0,0,0,0,0,0,0,1,0,0,0
1106344285425880000,0,1,0,0,0,0,0,0,0,0,0,0,0
1105966839119730000,0,0,1,0,0,0,0,0,0,0,0,0,0
1104517241800970000,0,0,1,0,0,0,0,0,0,0,0,0,0
1104502178767600000,0,0,1,0,0,0,0,0,0,0,0,0,0
1103514463515240000,0,0,1,0,0,0,0,0,0,0,0,0,0
1103511017680560000,0,0,1,0,0,0,0,0,0,0,0,0,0
1092521019997170000,0,0,1,0,0,0,0,0,0,0,0,0,0
1071177728974560000,0,0,1,0,0,0,0,0,0,0,0,0,0
1071017642767470000,0,0,0,0,0,0,0,0,0,0,0,1,0
1071016777100910000,0,0,0,0,0,0,0,0,0,1,0,0,0
1062080559046750000,0,0,0,0,0,0,1,0,0,0,0,0,0
1058083837995990000,0,0,0,0,0,0,0,0,0,1,0,0,0
1045795451025440000,0,0,0,0,0,0,0,0,0,1,0,0,0
1045448896393220000,0,0,0,0,0,0,0,0,0,1,0,0,0
1042518855107710000,0,0,1,0,0,0,0,0,0,0,0,0,0
1028053436254900000,0,0,0,0,0,1,0,0,0,0,0,0,0
1027555171969250000,0,0,1,0,0,0,0,0,0,0,0,0,0
1025148804880680000,0,0,0,1,0,0,0,0,0,0,0,0,0
1019023895456890000,0,0,0,0,0,0,0,0,0,0,0,1,0
1018930619214990000,0,0,1,0,0,0,0,0,0,0,0,0,0
1018918171799980000,0,0,0,0,0,0,1,0,0,0,0,0,0
1017891464569930000,0,0,1,0,0,0,0,0,0,0,0,0,0
1009613911388110000,0,1,0,0,0,0,0,0,0,0,0,0,0
1009613324890160000,0,1,0,0,0,0,0,0,0,0,0,0,0
1008409070095810000,0,0,1,0,0,0,0,0,0,0,0,0,0
994441931563438000,0,0,0,0,0,0,0,0,0,1,0,0,0
991423506914066000,0,0,1,0,0,0,0,0,0,0,0,0,0
989262831966150000,0,0,1,0,0,0,0,0,0,0,0,0,0
987783072564342000,0,0,1,0,0,0,0,0,0,0,0,0,0
984899074733346000,0,0,1,0,0,0,0,0,0,0,0,0,0
984798058222256000,0,0,0,0,0,0,0,0,0,1,0,0,0
984541981773893000,0,0,1,0,0,0,0,0,0,0,0,0,0
983791402235543000,0,0,1,0,0,0,0,0,0,0,0,0,0
977319174082060000,0,0,0,0,0,0,0,0,0,1,0,0,0
977233688961282000,0,0,0,0,0,0,0,0,0,1,0,0,0
977026117239324000,0,0,0,0,0,0,0,0,0,1,0,0,0
973785808791592000,0,0,0,0,0,0,0,0,0,1,0,0,0
969013466076868000,0,0,1,0,0,0,0,0,0,0,0,0,0
956663019643330000,0,0,1,0,0,0,0,0,0,0,0,0,0
956300621514199000,0,0,1,0,0,0,0,0,0,0,0,0,0
954488746006712000,0,0,0,0,1,0,0,0,0,0,0,0,0
954446286060580000,0,0,1,0,0,0,0,0,0,0,0,0,0
952237426063196000,0,0,0,0,0,0,0,0,0,1,0,0,0
942439290885296000,0,0,0,0,0,0,0,0,0,0,0,1,0
937018544574910000,0,0,1,0,0,0,0,0,0,0,0,0,0
936709555374850000,0,0,0,0,0,0,0,0,0,0,0,1,0
930485138365935000,0,0,0,1,0,0,0,0,0,0,0,0,0
927955886110212000,0,0,0,0,0,0,0,1,0,0,0,0,0
924018126374817000,0,0,0,0,0,0,0,0,0,1,0,0,0
921133870472466000,0,0,1,0,0,0,0,0,0,0,0,0,0
918587107710353000,0,0,0,0,0,0,0,0,0,1,0,0,0
918587034645626000,0,0,0,1,0,0,0,0,0,0,0,0,0
916739922308091000,0,0,0,0,0,0,0,0,0,0,0,1,0
913086855523921000,0,0,0,0,0,0,0,0,0,1,0,0,0
911666514155261000,0,0,0,0,0,0,0,0,0,1,0,0,0
911267776513187000,0,0,0,0,0,0,0,1,0,0,0,0,0
905853631865307000,0,0,0,0,0,1,0,0,0,0,0,0,0
905502611901689000,0,0,1,0,0,0,0,0,0,0,0,0,0
900870347964248000,0,0,0,0,0,0,0,0,0,1,0,0,0
896144212869095000,0,0,0,0,0,0,0,1,0,0,0,0,0
895025994507010000,0,0,0,0,0,0,0,1,0,0,0,0,0
890644207257255000,0,0,0,0,0,0,0,0,0,1,0,0,0
889183357141225000,0,0,0,0,0,0,0,0,0,1,0,0,0
887803937423622000,0,0,0,0,0,0,0,0,0,1,0,0,0
884476421036417000,0,1,0,0,0,0,0,0,0,0,0,0,0
883381349721161000,0,0,1,0,0,0,0,0,0,0,0,0,0
883107707993051000,0,0,1,0,0,0,0,0,0,0,0,0,0
883037505615831000,0,0,1,0,0,0,0,0,0,0,0,0,0
877315139808223000,0,0,0,0,0,1,0,0,0,0,0,0,0
874716845567205000,0,0,0,0,0,0,0,0,0,1,0,0,0
872300902123753000,0,0,0,0,0,0,0,0,0,1,0,0,0
872259333504983000,0,0,0,0,0,0,0,0,0,1,0,0,0
872239607659851000,0,0,0,0,0,0,0,0,0,1,0,0,0
870388400624328000,0,0,0,0,0,0,0,0,0,1,0,0,0
857823741614505000,0,0,1,0,0,0,0,0,0,0,0,0,0
852926221956464000,0,0,0,0,0,0,0,0,0,1,0,0,0
847223848629977000,0,0,0,1,0,0,0,0,0,0,0,0,0
842428547968905000,0,0,0,0,0,0,0,0,0,1,0,0,0
841142470083731000,0,0,0,0,0,0,0,0,0,1,0,0,0
840777004991557000,0,0,0,0,0,0,0,0,0,1,0,0,0
818573982588751000,0,0,0,0,1,0,0,0,0,0,0,0,0
783039727775592000,0,0,0,0,0,0,0,1,0,0,0,0,0
782278954644221000,0,0,0,0,0,0,0,0,0,1,0,0,0
766296064022360000,0,0,0,0,0,0,0,0,0,1,0,0,0
756921957212315000,0,0,0,0,0,0,0,0,0,1,0,0,0
752630358517043000,0,0,1,0,0,0,0,0,0,0,0,0,0
742768851142639000,0,0,0,0,0,0,0,0,0,1,0,0,0
723736638275366000,0,0,0,0,0,0,0,0,0,1,0,0,0
718136361438437000,0,0,0,0,0,0,0,0,0,1,0,0,0
700441260532695000,1,0,0,0,0,0,0,0,0,0,0,0,0
695749040529633000,0,0,0,0,0,1,0,0,0,0,0,0,0
689203737483558000,0,0,0,0,0,0,0,0,0,1,0,0,0
688176406447013000,0,0,0,0,0,0,0,0,0,1,0,0,0
663102358625214000,0,0,0,0,0,0,0,0,0,1,0,0,0
659092898835599000,0,0,0,0,0,0,0,0,0,1,0,0,0
643885790703910000,0,0,1,0,0,0,0,0,0,0,0,0,0
643872651623202000,0,0,0,0,0,0,0,0,0,1,0,0,0
641723988268347000,0,0,0,0,0,0,0,0,0,1,0,0,0
634527518360535000,0,0,0,0,0,0,0,0,0,1,0,0,0
634388574373220000,0,0,1,0,0,0,0,0,0,0,0,0,0
633380138525130000,0,0,0,1,0,0,0,0,0,0,0,0,0
629937429286260000,0,0,1,0,0,0,0,0,0,0,0,0,0
627512352750108000,0,0,0,0,0,0,0,0,0,1,0,0,0
627370465959383000,0,1,0,0,0,0,0,0,0,0,0,0,0
627370090216861000,0,0,1,0,0,0,0,0,0,0,0,0,0
627359609154506000,0,0,0,0,0,0,0,0,0,1,0,0,0
627359041249935000,0,0,1,0,0,0,0,0,0,0,0,0,0
627358399106187000,0,0,0,0,0,0,0,0,0,1,0,0,0
627357832594075000,0,1,0,0,0,0,0,0,0,0,0,0,0
627356849860296000,0,0,0,0,0,0,0,0,0,1,0,0,0
627355733969874000,0,0,0,0,0,0,0,0,0,1,0,0,0
627355621982015000,0,0,0,0,0,0,0,0,0,1,0,0,0
627355313063092000,0,0,0,0,0,1,0,0,0,0,0,0,0
627354350428401000,0,0,0,1,0,0,0,0,0,0,0,0,0
627352725747974000,0,0,0,0,0,0,0,1,0,0,0,0,0
627352276219265000,0,0,0,0,0,1,0,0,0,0,0,0,0
627351723011473000,0,0,0,0,0,0,0,0,0,1,0,0,0
627347001579941000,0,0,0,0,0,0,0,0,0,1,0,0,0
627344400763351000,0,0,1,0,0,0,0,0,0,0,0,0,0
627321101949886000,0,0,1,0,0,0,0,0,0,0,0,0,0
627314794777808000,0,0,0,1,0,0,0,0,0,0,0,0,0
627314677303762000,0,0,0,0,0,0,0,0,0,1,0,0,0
627313227626475000,0,0,0,0,0,0,0,0,0,1,0,0,0
627312752248238000,0,0,0,0,0,0,0,0,0,1,0,0,0
627312457619353000,0,0,0,0,0,0,0,1,0,0,0,0,0
627312183634833000,0,0,0,0,0,0,0,1,0,0,0,0,0
627312036578332000,0,0,1,0,0,0,0,0,0,0,0,0,0
627311930563149000,0,0,0,0,0,0,0,0,0,1,0,0,0
627311279565189000,0,0,0,0,0,0,0,0,0,1,0,0,0
627310574750203000,0,0,0,0,0,0,1,0,0,0,0,0,0
627309633334423000,0,0,0,0,0,0,0,0,0,1,0,0,0
627309190755684000,0,0,0,1,0,0,0,0,0,0,0,0,0
627308939764314000,0,0,0,0,0,0,0,0,0,1,0,0,0
627308561169682000,0,0,0,0,0,0,0,0,0,1,0,0,0
627308318596304000,0,0,1,0,0,0,0,0,0,0,0,0,0
627308078422069000,0,0,0,1,0,0,0,0,0,0,0,0,0
627307900050878000,0,0,0,0,0,0,0,0,0,1,0,0,0
627307347912736000,0,0,0,0,0,0,0,0,0,1,0,0,0
627304861269241000,0,0,1,0,0,0,0,0,0,0,0,0,0
627282744159023000,0,0,1,0,0,0,0,0,0,0,0,0,0
627277211121221000,0,0,1,0,0,0,0,0,0,0,0,0,0
626906803121557000,0,0,1,0,0,0,0,0,0,0,0,0,0
625062980091117000,0,0,0,0,0,0,0,0,0,1,0,0,0
624820939910283000,0,0,0,0,0,0,0,0,0,1,0,0,0
624817594785107000,0,0,0,0,0,0,0,0,0,1,0,0,0
624816083153743000,0,0,0,0,0,0,0,0,0,1,0,0,0
624814879048765000,0,0,1,0,0,0,0,0,0,0,0,0,0
624814407223148000,0,0,1,0,0,0,0,0,0,0,0,0,0
624779253163233000,0,0,0,0,0,0,0,0,0,1,0,0,0
624777856791416000,0,0,0,0,0,0,0,0,0,1,0,0,0
624776046630440000,0,0,1,0,0,0,0,0,0,0,0,0,0
624772663051857000,0,0,1,0,0,0,0,0,0,0,0,0,0
624771714249928000,0,0,0,1,0,0,0,0,0,0,0,0,0
624771412041973000,0,0,0,0,0,0,0,0,0,1,0,0,0
624771286347067000,0,0,1,0,0,0,0,0,0,0,0,0,0
624770944221888000,0,0,0,0,0,0,0,0,0,1,0,0,0
624770862684573000,0,0,0,0,0,0,0,0,0,1,0,0,0
624770703418527000,0,0,1,0,0,0,0,0,0,0,0,0,0
624770222281469000,0,0,1,0,0,0,0,0,0,0,0,0,0
624769491075858000,0,0,0,0,0,0,0,0,0,1,0,0,0
624769317503012000,0,0,1,0,0,0,0,0,0,0,0,0,0
624768832658235000,0,0,0,0,0,0,0,0,0,1,0,0,0
624767136364244000,0,0,1,0,0,0,0,0,0,0,0,0,0
624753499142688000,0,0,0,0,0,0,0,0,0,1,0,0,0
624685510380748000,0,0,1,0,0,0,0,0,0,0,0,0,0
624353323932475000,0,0,1,0,0,0,0,0,0,0,0,0,0
623583286112063000,0,0,0,0,0,0,0,0,0,1,0,0,0
622898101641023000,0,0,0,0,0,0,0,0,0,1,0,0,0
622897768114188000,0,0,0,0,0,0,0,0,0,1,0,0,0
622895107902083000,0,0,1,0,0,0,0,0,0,0,0,0,0
622285682342432000,0,0,0,0,0,0,0,0,0,1,0,0,0
622285195710894000,0,0,1,0,0,0,0,0,0,0,0,0,0
622284979976867000,0,0,1,0,0,0,0,0,0,0,0,0,0
622284569526439000,0,0,0,0,0,0,0,0,0,0,0,0,1
622283178410008000,0,0,0,0,0,0,0,0,0,1,0,0,0
622282502137249000,0,0,0,1,0,0,0,0,0,0,0,0,0
622282353247830000,0,0,0,1,0,0,0,0,0,0,0,0,0
622281669181976000,0,0,0,0,0,0,0,0,0,1,0,0,0
622281016145612000,0,0,0,0,0,0,0,0,0,1,0,0,0
622280730761039000,0,0,0,0,0,1,0,0,0,0,0,0,0
622280545699926000,0,0,0,0,0,0,0,0,0,1,0,0,0
622279833154752000,0,0,0,0,0,1,0,0,0,0,0,0,0
622279597363572000,0,0,1,0,0,0,0,0,0,0,0,0,0
622279002305069000,0,0,0,0,0,1,0,0,0,0,0,0,0
622278524246724000,0,0,0,0,0,0,0,0,0,1,0,0,0
622278204691066000,0,0,0,0,0,1,0,0,0,0,0,0,0
622277782236585000,0,0,0,1,0,0,0,0,0,0,0,0,0
622276865990889000,0,0,0,0,0,0,0,0,0,1,0,0,0
622276733966782000,0,0,0,0,0,0,0,0,0,1,0,0,0
622276615238651000,0,0,0,0,0,0,0,0,0,1,0,0,0
622276424360030000,0,0,0,0,0,0,0,0,0,1,0,0,0
622275901615575000,0,0,0,0,0,1,0,0,0,0,0,0,0
622271064584798000,0,0,0,0,0,1,0,0,0,0,0,0,0
622271023627370000,0,0,1,0,0,0,0,0,0,0,0,0,0
622266256029167000,0,0,0,1,0,0,0,0,0,0,0,0,0
622259546493333000,0,0,1,0,0,0,0,0,0,0,0,0,0
622250228645695000,0,0,0,0,0,0,0,0,0,1,0,0,0
622250111658102000,0,0,0,0,0,0,0,0,0,1,0,0,0
622249885786439000,0,0,0,0,0,0,0,0,0,1,0,0,0
622249780903686000,0,0,0,0,0,0,0,0,0,1,0,0,0
622242171471572000,0,0,0,0,0,0,0,0,0,1,0,0,0
622240479602577000,0,0,0,0,0,0,0,0,0,1,0,0,0
622240116174557000,0,0,0,0,0,0,0,0,0,1,0,0,0
622239597636902000,0,0,1,0,0,0,0,0,0,0,0,0,0
622238995662024000,0,0,0,0,1,0,0,0,0,0,0,0,0
622238261684015000,0,0,0,0,0,1,0,0,0,0,0,0,0
622237918640279000,0,0,0,0,0,0,0,0,0,1,0,0,0
622237360789438000,0,0,0,1,0,0,0,0,0,0,0,0,0
622236896945553000,0,0,0,1,0,0,0,0,0,0,0,0,0
622235908851417000,0,0,0,0,1,0,0,0,0,0,0,0,0
622235267806597000,0,0,0,0,0,0,0,0,0,0,0,1,0
622235124818575000,0,0,0,0,0,0,0,0,0,1,0,0,0
622234886590468000,0,0,0,0,0,0,0,0,0,1,0,0,0
622234099831304000,0,0,0,0,0,0,0,0,0,1,0,0,0
622233761816535000,0,0,0,0,0,0,0,0,0,1,0,0,0
622233418747658000,0,0,0,0,0,0,0,0,0,1,0,0,0
622232847596720000,0,1,0,0,0,0,0,0,0,0,0,0,0
622232294460276000,0,0,1,0,0,0,0,0,0,0,0,0,0
622209195719311000,0,0,1,0,0,0,0,0,0,0,0,0,0
622148374423142000,0,0,1,0,0,0,0,0,0,0,0,0,0
622118632168927000,0,0,1,0,0,0,0,0,0,0,0,0,0
622012632862556000,0,0,1,0,0,0,0,0,0,0,0,0,0
621801520850317000,0,0,1,0,0,0,0,0,0,0,0,0,0
621502676748992000,0,0,0,0,0,0,0,0,0,1,0,0,0
621439108871684000,0,0,1,0,0,0,0,0,0,0,0,0,0
621069246454325000,0,0,1,0,0,0,0,0,0,0,0,0,0
620653164274909000,0,0,0,0,0,0,0,0,0,1,0,0,0
620650043599536000,0,0,0,0,0,0,0,0,0,1,0,0,0
619749427159285000,0,0,0,0,0,0,0,0,0,1,0,0,0
619748428784873000,0,0,0,0,1,0,0,0,0,0,0,0,0
619748304327278000,0,0,0,0,0,0,0,0,0,1,0,0,0
619747909488111000,0,0,0,1,0,0,0,0,0,0,0,0,0
619747664142315000,0,0,0,0,0,0,0,0,0,1,0,0,0
619746710487629000,0,0,0,0,0,1,0,0,0,0,0,0,0
619745463453921000,0,0,1,0,0,0,0,0,0,0,0,0,0
619744809004044000,0,0,1,0,0,0,0,0,0,0,0,0,0
619744479952572000,0,0,0,0,0,1,0,0,0,0,0,0,0
619744332350820000,0,0,0,0,0,1,0,0,0,0,0,0,0
619743579364167000,0,0,0,0,0,0,0,0,0,1,0,0,0
619743156653797000,0,0,0,0,0,0,0,0,0,1,0,0,0
619742668499726000,0,0,0,0,0,0,0,0,0,1,0,0,0
619742292484603000,0,0,0,0,0,0,0,0,0,1,0,0,0
619741968956944000,0,0,1,0,0,0,0,0,0,0,0,0,0
619741878892670000,0,0,0,0,0,1,0,0,0,0,0,0,0
619740176093294000,0,0,1,0,0,0,0,0,0,0,0,0,0
619740157839671000,0,0,0,0,0,0,0,0,0,1,0,0,0
619735979511803000,0,0,0,0,0,0,0,0,0,1,0,0,0
619735307219406000,0,0,0,0,0,0,0,0,0,1,0,0,0
619735103346900000,0,0,0,0,0,0,0,0,0,1,0,0,0
619733927213690000,0,0,0,0,0,0,0,0,0,1,0,0,0
619733248998944000,0,0,0,0,0,0,0,0,0,1,0,0,0
619732938897231000,0,0,0,0,0,0,0,0,0,1,0,0,0
619732684168826000,0,0,0,0,0,0,0,0,0,1,0,0,0
619732392148729000,0,0,0,0,0,0,0,0,0,1,0,0,0
619728431798878000,0,0,0,0,0,0,0,0,0,1,0,0,0
619725553352884000,0,0,1,0,0,0,0,0,0,0,0,0,0
619720178981429000,0,0,1,0,0,0,0,0,0,0,0,0,0
619719582819856000,0,0,1,0,0,0,0,0,0,0,0,0,0
619620819891720000,0,0,1,0,0,0,0,0,0,0,0,0,0
619620592447152000,0,0,0,0,0,1,0,0,0,0,0,0,0
619620336921788000,0,0,0,0,0,0,0,0,0,1,0,0,0
619618830994812000,0,0,0,0,1,0,0,0,0,0,0,0,0
619618707329826000,0,0,0,0,0,0,0,0,0,1,0,0,0
619618663339982000,0,0,0,0,0,0,0,0,0,1,0,0,0
619618615973711000,0,0,0,0,0,0,0,0,0,1,0,0,0
619551576479281000,0,0,0,0,0,0,0,0,0,1,0,0,0
619260732148858000,0,0,0,0,0,1,0,0,0,0,0,0,0
619249708981092000,0,0,1,0,0,0,0,0,0,0,0,0,0
618902400640749000,0,1,0,0,0,0,0,0,0,0,0,0,0
618491807224082000,0,0,1,0,0,0,0,0,0,0,0,0,0
618145855208493000,0,0,1,0,0,0,0,0,0,0,0,0,0
617078937768718000,0,0,0,0,0,1,0,0,0,0,0,0,0
617045148799668000,0,0,1,0,0,0,0,0,0,0,0,0,0
616661534014619000,0,0,0,0,0,0,0,0,0,1,0,0,0
616298777859612000,0,0,1,0,0,0,0,0,0,0,0,0,0
616012191888596000,0,0,1,0,0,0,0,0,0,0,0,0,0
615904695882616000,0,0,0,0,0,0,0,0,0,1,0,0,0
615640902707490000,0,0,1,0,0,0,0,0,0,0,0,0,0
615639401217961000,0,0,1,0,0,0,0,0,0,0,0,0,0
614870821727678000,0,0,1,0,0,0,0,0,0,0,0,0,0
614583928293167000,0,0,0,0,0,0,0,0,0,1,0,0,0
612334118374739000,0,0,1,0,0,0,0,0,0,0,0,0,0
608697987045298000,0,0,1,0,0,0,0,0,0,0,0,0,0
607658354576531000,0,0,0,1,0,0,0,0,0,0,0,0,0
607653656771489000,0,0,1,0,0,0,0,0,0,0,0,0,0
603420382708699000,0,0,1,0,0,0,0,0,0,0,0,0,0
603304682363031000,0,0,1,0,0,0,0,0,0,0,0,0,0
601507776590786000,0,0,0,0,0,0,0,0,0,1,0,0,0
600703367896289000,0,0,1,0,0,0,0,0,0,0,0,0,0
598638495033270000,0,0,0,0,0,0,0,0,0,1,0,0,0
598199418282647000,0,0,0,0,0,0,0,0,0,1,0,0,0
596087105995964000,0,0,1,0,0,0,0,0,0,0,0,0,0
594232666641211000,0,0,0,0,0,0,0,0,0,1,0,0,0
590636152589287000,0,0,1,0,0,0,0,0,0,0,0,0,0
590256566500077000,0,0,0,0,0,0,0,0,0,1,0,0,0
589248643242164000,0,0,1,0,0,0,0,0,0,0,0,0,0
588810297810427000,0,0,0,0,0,0,0,0,0,1,0,0,0
588497021004222000,0,0,1,0,0,0,0,0,0,0,0,0,0
588414244565073000,0,0,0,0,0,0,0,0,0,1,0,0,0
588353317522145000,0,0,0,0,0,0,0,0,0,1,0,0,0
588069347014397000,0,0,0,0,0,0,0,0,0,1,0,0,0
587323624324857000,0,0,0,0,0,0,0,0,0,1,0,0,0
586628496983719000,0,0,0,0,0,0,0,0,0,1,0,0,0
586368075546501000,0,0,0,0,0,0,0,0,0,1,0,0,0
583378322802900000,0,0,0,0,0,0,0,0,0,1,0,0,0
581577369007169000,0,0,0,0,0,0,0,0,0,1,0,0,0
580473185382109000,0,0,0,0,0,0,0,0,0,1,0,0,0
578968912663965000,0,0,0,0,0,0,0,0,0,1,0,0,0
577613010044325000,0,0,1,0,0,0,0,0,0,0,0,0,0
573264167567691000,0,0,1,0,0,0,0,0,0,0,0,0,0
573173586711601000,0,0,1,0,0,0,0,0,0,0,0,0,0
572864047965589000,0,0,1,0,0,0,0,0,0,0,0,0,0
572818743253864000,0,0,1,0,0,0,0,0,0,0,0,0,0
572813496129220000,0,0,1,0,0,0,0,0,0,0,0,0,0
572599788048293000,0,0,1,0,0,0,0,0,0,0,0,0,0
572546981622505000,0,0,1,0,0,0,0,0,0,0,0,0,0
572124181984350000,0,0,0,0,0,1,0,0,0,0,0,0,0
571746685774254000,0,0,0,0,0,0,0,0,0,1,0,0,0
571429587764191000,0,0,0,0,0,1,0,0,0,0,0,0,0
571420402687176000,0,0,0,0,0,0,0,0,0,1,0,0,0
571384289109024000,0,0,0,0,0,1,0,0,0,0,0,0,0
571074737528401000,0,0,1,0,0,0,0,0,0,0,0,0,0
570999239804727000,0,0,1,0,0,0,0,0,0,0,0,0,0
570719927776079000,0,0,1,0,0,0,0,0,0,0,0,0,0
570644441016311000,0,0,1,0,0,0,0,0,0,0,0,0,0
570357711226802000,0,0,0,0,0,1,0,0,0,0,0,0,0
570334860125974000,0,0,1,0,0,0,0,0,0,0,0,0,0
570266940050006000,0,0,0,1,0,0,0,0,0,0,0,0,0
567456426981724000,0,0,0,0,0,0,0,0,0,1,0,0,0
564544192815595000,0,0,1,0,0,0,0,0,0,0,0,0,0
561297837498331000,0,0,0,0,0,0,0,0,0,1,0,0,0
557955622625234000,0,0,0,0,0,0,0,0,0,1,0,0,0
555544977703702000,0,0,0,0,0,0,0,0,0,1,0,0,0
555499693372108000,0,0,0,0,0,0,0,0,0,1,0,0,0
549963997626105000,0,0,0,0,0,0,0,0,0,1,0,0,0
545659632438374000,0,0,0,0,0,0,0,0,0,1,0,0,0
544936978622726000,0,0,0,0,0,0,0,0,0,1,0,0,0
532310295549452000,0,0,0,0,0,0,0,0,0,1,0,0,0
528549524105875000,0,0,0,0,0,0,0,0,0,1,0,0,0
526976661158629000,0,0,1,0,0,0,0,0,0,0,0,0,0
526931357130559000,0,0,1,0,0,0,0,0,0,0,0,0,0
526870966807584000,0,0,1,0,0,0,0,0,0,0,0,0,0
526818116492607000,0,0,0,0,0,1,0,0,0,0,0,0,0
526757709694394000,0,0,1,0,0,0,0,0,0,0,0,0,0
525687532030140000,0,0,0,1,0,0,0,0,0,0,0,0,0
524998645352247000,0,0,0,0,0,0,0,0,0,1,0,0,0
522808661446369000,0,0,0,0,0,0,0,0,0,1,0,0,0
522099511515426000,0,0,0,0,0,0,0,0,0,1,0,0,0
522069325306671000,0,0,1,0,0,0,0,0,0,0,0,0,0
520700399263567000,0,0,0,0,1,0,0,0,0,0,0,0,0
520604706155266000,0,0,1,0,0,0,0,0,0,0,0,0,0
520378182114222000,0,0,1,0,0,0,0,0,0,0,0,0,0
520342154917318000,0,0,1,0,0,0,0,0,0,0,0,0,0
520046587280883000,0,0,0,0,0,0,0,0,0,1,0,0,0
520045526918905000,0,0,1,0,0,0,0,0,0,0,0,0,0
520038433713303000,0,0,0,0,0,0,0,0,0,1,0,0,0
519887938184691000,0,0,0,0,0,0,0,0,0,1,0,0,0
519623214247329000,0,0,0,0,0,1,0,0,0,0,0,0,0
519618219179401000,0,0,0,0,0,0,0,0,0,1,0,0,0
519608200966840000,0,0,1,0,0,0,0,0,0,0,0,0,0
516983164594421000,0,0,0,0,0,0,0,0,0,1,0,0,0
515562997914562000,0,0,0,0,0,0,0,0,0,1,0,0,0
514929301959872000,0,0,1,0,0,0,0,0,0,0,0,0,0
514601226705440000,0,0,0,0,0,0,0,0,0,1,0,0,0
514124410773835000,0,0,1,0,0,0,0,0,0,0,0,0,0
513067726286229000,0,0,0,0,0,0,0,0,0,1,0,0,0
512403777358295000,0,0,1,0,0,0,0,0,0,0,0,0,0
511973434486566000,0,0,0,1,0,0,0,0,0,0,0,0,0
510547881812434000,0,0,0,1,0,0,0,0,0,0,0,0,0
509739915039350000,0,0,0,0,0,0,0,0,0,1,0,0,0
509109013020016000,0,0,0,0,0,0,0,0,0,1,0,0,0
507631535822864000,0,0,0,0,0,0,0,0,0,1,0,0,0
506489840930545000,0,0,1,0,0,0,0,0,0,0,0,0,0
504417914808573000,0,0,1,0,0,0,0,0,0,0,0,0,0
502688054859927000,0,0,0,0,0,0,0,1,0,0,0,0,0
502664210589835000,0,0,0,0,0,0,0,0,0,1,0,0,0
501828399476641000,0,0,0,0,0,0,0,0,0,1,0,0,0
501429186825691000,0,0,1,0,0,0,0,0,0,0,0,0,0
499250801332588000,0,0,1,0,0,0,0,0,0,0,0,0,0
498124385840922000,0,0,0,0,0,0,0,0,0,1,0,0,0
497529190636613000,0,0,1,0,0,0,0,0,0,0,0,0,0
497440825442189000,0,1,0,0,0,0,0,0,0,0,0,0,0
496682780042858000,0,0,1,0,0,0,0,0,0,0,0,0,0
496542924897656000,0,0,0,0,0,0,0,0,0,1,0,0,0
496498779940737000,0,0,0,0,0,0,0,0,0,0,0,1,0
493869314874048000,0,0,0,0,0,0,0,0,0,1,0,0,0
489851241501954000,0,0,0,0,0,0,0,0,0,1,0,0,0
487271617341317000,0,0,1,0,0,0,0,0,0,0,0,0,0
481182499792379000,0,0,1,0,0,0,0,0,0,0,0,0,0
477937396072579000,0,0,0,0,0,0,0,0,0,1,0,0,0
465207950944923000,0,0,1,0,0,0,0,0,0,0,0,0,0
462824033600303000,0,0,1,0,0,0,0,0,0,0,0,0,0
460118251994116000,0,0,1,0,0,0,0,0,0,0,0,0,0
459783689258295000,0,0,0,0,0,0,0,0,0,1,0,0,0
458665159113056000,0,0,0,0,0,0,0,0,0,1,0,0,0
456144995288752000,0,0,0,0,1,0,0,0,0,0,0,0,0
450887700099239000,0,0,0,0,0,1,0,0,0,0,0,0,0
448861085840318000,0,0,0,0,0,0,0,0,0,1,0,0,0
447915870007091000,0,0,0,1,0,0,0,0,0,0,0,0,0
447907528001982000,0,0,0,0,0,0,0,0,0,1,0,0,0
447816773799534000,0,0,0,0,0,1,0,0,0,0,0,0,0
447801423502528000,0,0,0,0,0,0,0,0,0,1,0,0,0
447641418618896000,0,1,0,0,0,0,0,0,0,0,0,0,0
447558858542944000,0,0,0,0,0,0,0,0,0,1,0,0,0
447090195566174000,0,0,0,1,0,0,0,0,0,0,0,0,0
446852038748819000,0,1,0,0,0,0,0,0,0,0,0,0,0
446678485139193000,0,0,1,0,0,0,0,0,0,0,0,0,0
446531889994944000,0,0,0,1,0,0,0,0,0,0,0,0,0
446444598794407000,0,0,0,0,0,0,0,0,0,1,0,0,0
445512682637373000,0,0,0,0,0,0,0,0,0,1,0,0,0
445387133059342000,0,0,0,0,0,0,0,0,0,1,0,0,0
445237350571212000,0,0,1,0,0,0,0,0,0,0,0,0,0
444857608923398000,0,0,0,0,0,0,0,0,0,1,0,0,0
444246840641212000,0,0,0,0,0,0,0,0,0,1,0,0,0
444213433035022000,0,0,0,0,0,0,0,0,0,1,0,0,0
444212460870832000,0,0,0,0,1,0,0,0,0,0,0,0,0
444211798225350000,0,0,0,0,0,0,0,0,0,1,0,0,0
444211279679352000,0,0,0,0,0,0,0,0,0,1,0,0,0
444210345234530000,0,0,0,0,0,0,0,0,0,1,0,0,0
444209343806709000,0,1,0,0,0,0,0,0,0,0,0,0,0
444208731954225000,0,0,0,0,0,0,0,0,0,1,0,0,0
444207021999394000,0,0,0,1,0,0,0,0,0,0,0,0,0
444205514784645000,0,0,0,0,0,0,0,0,0,1,0,0,0
444204069528145000,0,0,0,0,0,0,0,0,0,0,0,1,0
444203402566696000,0,0,0,0,0,0,0,0,0,1,0,0,0
444202384302952000,0,0,0,0,0,0,0,0,0,1,0,0,0
444190949363564000,0,0,0,0,0,0,0,0,0,1,0,0,0
443946848529969000,0,0,1,0,0,0,0,0,0,0,0,0,0
443760962722869000,0,0,1,0,0,0,0,0,0,0,0,0,0
443102261070557000,0,0,0,1,0,0,0,0,0,0,0,0,0
441451414041403000,0,0,1,0,0,0,0,0,0,0,0,0,0
439544258228666000,0,0,1,0,0,0,0,0,0,0,0,0,0
439264363338539000,0,0,0,0,0,0,0,0,0,1,0,0,0
439097829618089000,0,0,0,0,1,0,0,0,0,0,0,0,0
438386686301839000,0,0,0,1,0,0,0,0,0,0,0,0,0
438352196384878000,0,1,0,0,0,0,0,0,0,0,0,0,0
438071773125701000,0,0,0,1,0,0,0,0,0,0,0,0,0
437687752738766000,0,1,0,0,0,0,0,0,0,0,0,0,0
437670372935487000,0,0,0,0,0,0,0,0,0,1,0,0,0
437655291862470000,0,0,0,1,0,0,0,0,0,0,0,0,0
437609082972033000,0,0,0,0,0,0,0,0,0,1,0,0,0
437460496825204000,1,0,0,0,0,0,0,0,0,0,0,0,0
437390152017911000,0,1,0,0,0,0,0,0,0,0,0,0,0
436978372800159000,0,0,0,0,0,0,0,0,0,1,0,0,0
435471479523008000,0,0,0,0,0,0,0,0,0,1,0,0,0
435439057293025000,0,0,0,0,0,0,0,0,0,1,0,0,0
435279676236644000,0,0,0,1,0,0,0,0,0,0,0,0,0
435167400473137000,0,0,0,0,0,0,0,0,0,1,0,0,0
434840922552287000,0,1,0,0,0,0,0,0,0,0,0,0,0
434626866918752000,0,0,0,0,0,0,0,0,0,1,0,0,0
434620022317912000,0,1,0,0,0,0,0,0,0,0,0,0,0
434529813668593000,0,0,0,1,0,0,0,0,0,0,0,0,0
433614323748188000,0,1,0,0,0,0,0,0,0,0,0,0,0
433432225489903000,0,1,0,0,0,0,0,0,0,0,0,0,0
433328200580464000,0,0,0,0,0,0,0,0,0,1,0,0,0
433257255656779000,0,0,1,0,0,0,0,0,0,0,0,0,0
433256245953576000,0,0,1,0,0,0,0,0,0,0,0,0,0
433255844424454000,0,0,1,0,0,0,0,0,0,0,0,0,0
432556181450948000,0,0,0,0,0,0,0,0,0,1,0,0,0
432282283253719000,0,0,0,0,0,0,0,0,0,1,0,0,0
432266343333642000,0,0,0,0,0,0,0,0,0,0,0,0,0
432254871505764000,0,0,0,0,1,0,0,0,0,1,0,0,0
432167871050186000,0,0,1,0,0,0,0,0,0,0,0,0,0
431402703479373000,0,0,0,0,0,0,0,0,0,1,0,0,0
431265534198710000,0,0,0,0,0,0,0,0,0,1,0,0,0
431197620699402000,0,0,0,0,0,0,0,1,0,0,0,0,0
430832288797294000,0,0,0,1,0,0,0,0,0,0,0,0,0
430144153331449000,0,0,0,0,0,0,0,0,0,1,0,0,0
429788909011488000,0,0,0,0,0,0,0,0,0,1,0,0,0
428979487888666000,0,0,0,0,0,0,0,0,0,1,0,0,0
428616018886688000,0,0,1,0,0,0,0,0,0,0,0,0,0
428615209243389000,0,0,1,0,0,0,0,0,0,0,0,0,0
428614768434610000,0,0,1,0,0,0,0,0,0,0,0,0,0
428614126689333000,0,0,1,0,0,0,0,0,0,0,0,0,0
427221710858125000,0,0,1,0,0,0,0,0,0,0,0,0,0
426250041716908000,0,0,0,1,0,0,0,0,0,0,0,0,0
425341803777511000,0,0,0,0,0,0,0,0,0,1,0,0,0
425082104675041000,0,0,0,0,0,0,0,0,0,1,0,0,0
424979662104973000,0,0,0,1,0,0,0,0,0,0,0,0,0
421644522909868000,0,0,0,1,0,0,0,0,0,0,0,0,0
421641929504604000,0,0,0,0,0,0,0,0,0,1,0,0,0
421047041532624000,0,0,0,0,0,0,0,0,0,1,0,0,0
420664553949908000,0,0,1,0,0,0,0,0,0,0,0,0,0
420663064527384000,0,0,0,0,0,0,0,0,0,1,0,0,0
420662552000221000,0,0,1,0,0,0,0,0,0,0,0,0,0
419918063161856000,0,0,0,0,0,0,0,0,0,1,0,0,0
419528395295555000,0,0,0,0,0,0,0,0,0,1,0,0,0
419185031165513000,0,0,1,0,0,0,0,0,0,0,0,0,0
418843521022308000,0,0,0,0,0,0,0,0,0,1,0,0,0
418593030590169000,0,0,0,0,0,0,0,0,0,1,0,0,0
418265704618799000,0,0,0,0,0,0,0,0,0,1,0,0,0
417564849066217000,0,0,0,0,0,0,0,0,0,1,0,0,0
417522669077401000,0,0,0,1,0,0,0,0,0,0,0,0,0
417493778153230000,0,0,1,0,0,0,0,0,0,0,0,0,0
417220670641430000,0,0,0,1,0,0,0,0,0,0,0,0,0
417127696473546000,0,0,0,0,0,0,0,0,0,1,0,0,0
415988680650936000,0,0,0,0,0,0,0,0,0,1,0,0,0
415505133511139000,0,0,0,0,0,0,0,0,0,1,0,0,0
